date,actual,model,prediction,naive_prediction,error,absolute_error,squared_error,naive_squared_error
2021-10-12,128.49303249595323,Naive (last value),128.5462862516983,128.5462862516983,-0.05325375574506097,0.05325375574506097,0.002835962500954614,0.002835962500954614
2021-10-13,128.64453941518883,Naive (last value),128.49303249595323,128.49303249595323,0.1515069192356009,0.1515069192356009,0.022954346576262892,0.022954346576262892
2021-10-14,128.11971759051625,Naive (last value),128.64453941518883,128.64453941518883,-0.5248218246725855,0.5248218246725855,0.2754379476526621,0.2754379476526621
2021-10-15,128.25799520797483,Naive (last value),128.11971759051625,128.11971759051625,0.13827761745858425,0.13827761745858425,0.019120699490022562,0.019120699490022562
2021-10-18,128.2495422344636,Naive (last value),128.25799520797483,128.25799520797483,-0.008452973511225537,0.008452973511225537,7.145276118148058e-05,7.145276118148058e-05
2021-10-19,128.35474230458067,Naive (last value),128.2495422344636,128.2495422344636,0.10520007011706412,0.10520007011706412,0.011067054752635206,0.011067054752635206
2021-10-20,128.0566563579695,Naive (last value),128.35474230458067,128.35474230458067,-0.2980859466111667,0.2980859466111667,0.08885523156707534,0.08885523156707534
2021-10-21,127.75026979389008,Naive (last value),128.0566563579695,128.0566563579695,-0.30638656407941767,0.30638656407941767,0.09387272664839111,0.09387272664839111
2021-10-22,127.6498421923347,Naive (last value),127.75026979389008,127.75026979389008,-0.10042760155538133,0.10042760155538133,0.010085703154166431,0.010085703154166431
2021-10-25,127.54588878728214,Naive (last value),127.6498421923347,127.6498421923347,-0.10395340505256456,0.10395340505256456,0.010806310422022555,0.010806310422022555
2021-10-26,127.51330680065088,Naive (last value),127.54588878728214,127.54588878728214,-0.03258198663125711,0.03258198663125711,0.001061585852839417,0.001061585852839417
2021-10-27,127.65575530667196,Naive (last value),127.51330680065088,127.51330680065088,0.14244850602108272,0.14244850602108272,0.02029157686763844,0.02029157686763844
2021-10-28,127.27864658980435,Naive (last value),127.65575530667196,127.65575530667196,-0.3771087168676104,0.3771087168676104,0.14221098433753554,0.14221098433753554
2021-10-29,127.3491281602696,Naive (last value),127.27864658980435,127.27864658980435,0.0704815704652475,0.0704815704652475,0.004967651775247649,0.004967651775247649
2021-11-01,127.27070461902532,Naive (last value),127.3491281602696,127.3491281602696,-0.07842354124427686,0.07842354124427686,0.006150251821292794,0.006150251821292794
2021-11-02,127.11086847804653,Naive (last value),127.27070461902532,127.27070461902532,-0.15983614097879695,0.15983614097879695,0.025547591962993853,0.025547591962993853
2021-11-03,126.74969399004657,Naive (last value),127.11086847804653,127.11086847804653,-0.36117448799996055,0.36117448799996055,0.13044701078203363,0.13044701078203363
2021-11-04,126.7503302811134,Naive (last value),126.74969399004657,126.74969399004657,0.0006362910668400446,0.0006362910668400446,4.0486632174044205e-07,4.0486632174044205e-07
2021-11-05,126.19934592058088,Naive (last value),126.7503302811134,126.7503302811134,-0.5509843605325244,0.5509843605325244,0.30358376555143485,0.30358376555143485
2021-11-08,126.137452121954,Naive (last value),126.19934592058088,126.19934592058088,-0.06189379862688327,0.06189379862688327,0.003830842308465177,0.003830842308465177
2021-11-09,125.78822912702186,Naive (last value),126.137452121954,126.137452121954,-0.34922299493213416,0.34922299493213416,0.1219567001893694,0.1219567001893694
2021-11-10,125.71113450193528,Naive (last value),125.78822912702186,125.78822912702186,-0.0770946250865876,0.0770946250865876,0.0059435812172415016,0.0059435812172415016
2021-11-11,125.67518417834792,Naive (last value),125.71113450193528,125.71113450193528,-0.0359503235873575,0.0359503235873575,0.0012924257660357132,0.0012924257660357132
2021-11-12,125.88354369957258,Naive (last value),125.67518417834792,125.67518417834792,0.20835952122466495,0.20835952122466495,0.043413690084971604,0.043413690084971604
2021-11-15,125.85738155911687,Naive (last value),125.88354369957258,125.88354369957258,-0.026162140455710414,0.026162140455710414,0.0006844575932243196,0.0006844575932243196
2021-11-16,125.67484826875976,Naive (last value),125.85738155911687,125.85738155911687,-0.18253329035711374,0.18253329035711374,0.03331840208859439,0.03331840208859439
2021-11-17,125.52073347609016,Naive (last value),125.67484826875976,125.67484826875976,-0.1541147926696027,0.1541147926696027,0.02375136931959463,0.02375136931959463
2021-11-18,125.72610774290123,Naive (last value),125.52073347609016,125.52073347609016,0.20537426681107718,0.20537426681107718,0.04217858946818752,0.04217858946818752
2021-11-19,125.84589069887384,Naive (last value),125.72610774290123,125.72610774290123,0.11978295597261024,0.11978295597261024,0.014347956541536283,0.014347956541536283
2021-11-22,125.82960489561526,Naive (last value),125.84589069887384,125.84589069887384,-0.016285803258583087,0.016285803258583087,0.0002652273877772755,0.0002652273877772755
2021-11-23,125.8148358320822,Naive (last value),125.82960489561526,125.82960489561526,-0.014769063533066173,0.014769063533066173,0.00021812523764374507,0.00021812523764374507
2021-11-24,125.52540698375924,Naive (last value),125.8148358320822,125.8148358320822,-0.2894288483229559,0.2894288483229559,0.08376905824155262,0.08376905824155262
2021-11-25,125.53519649187795,Naive (last value),125.52540698375924,125.52540698375924,0.009789508118714707,0.009789508118714707,9.583446920638116e-05,9.583446920638116e-05
2021-11-26,125.2148325439678,Naive (last value),125.53519649187795,125.53519649187795,-0.32036394791015255,0.32036394791015255,0.10263305912057893,0.10263305912057893
2021-11-29,125.33057417195646,Naive (last value),125.2148325439678,125.2148325439678,0.11574162798865473,0.11574162798865473,0.013396124449464144,0.013396124449464144
2021-11-30,125.4090530915111,Naive (last value),125.33057417195646,125.33057417195646,0.07847891955464092,0.07847891955464092,0.006158940814463802,0.006158940814463802
2021-12-01,125.95194464200983,Naive (last value),125.4090530915111,125.4090530915111,0.5428915504987373,0.5428915504987373,0.294731235602923,0.294731235602923
2021-12-02,125.88202903357862,Naive (last value),125.95194464200983,125.95194464200983,-0.06991560843121647,0.06991560843121647,0.0048881923023071875,0.0048881923023071875
2021-12-03,125.89510317829291,Naive (last value),125.88202903357862,125.88202903357862,0.013074144714295244,0.013074144714295244,0.00017093326001033427,0.00017093326001033427
2021-12-06,126.3068097856902,Naive (last value),125.89510317829291,125.89510317829291,0.41170660739729215,0.41170660739729215,0.16950233057458805,0.16950233057458805
2021-12-07,126.67478398939792,Naive (last value),126.3068097856902,126.3068097856902,0.3679742037077176,0.3679742037077176,0.13540501459432885,0.13540501459432885
2021-12-08,126.6177759664013,Naive (last value),126.67478398939792,126.67478398939792,-0.05700802299662655,0.05700802299662655,0.0032499146859839016,0.0032499146859839016
2021-12-09,126.70084776233368,Naive (last value),126.6177759664013,126.6177759664013,0.08307179593238345,0.08307179593238345,0.00690092327943156,0.00690092327943156
2021-12-10,126.75835803678665,Naive (last value),126.70084776233368,126.70084776233368,0.05751027445296586,0.05751027445296586,0.0033074316676554574,0.0033074316676554574
2021-12-13,126.8557971141274,Naive (last value),126.75835803678665,126.75835803678665,0.09743907734075208,0.09743907734075208,0.009494373793017066,0.009494373793017066
2021-12-14,126.82775490792328,Naive (last value),126.8557971141274,126.8557971141274,-0.02804220620411968,0.02804220620411968,0.0007863653287943683,0.0007863653287943683
2021-12-15,126.90075742225898,Naive (last value),126.82775490792328,126.82775490792328,0.07300251433569827,0.07300251433569827,0.005329367099333831,0.005329367099333831
2021-12-16,126.68804494625977,Naive (last value),126.90075742225898,126.90075742225898,-0.2127124759992114,0.2127124759992114,0.04524659744571508,0.04524659744571508
2021-12-17,126.74584942164267,Naive (last value),126.68804494625977,126.68804494625977,0.057804475382909004,0.057804475382909004,0.003341357374293333,0.003341357374293333
2021-12-20,126.94563147646882,Naive (last value),126.74584942164267,126.74584942164267,0.19978205482614442,0.19978205482614442,0.03991286943055657,0.03991286943055657
2021-12-21,127.01441250085828,Naive (last value),126.94563147646882,126.94563147646882,0.06878102438946598,0.06878102438946598,0.004730829316064314,0.004730829316064314
2021-12-22,126.7860162445034,Naive (last value),127.01441250085828,127.01441250085828,-0.22839625635488403,0.22839625635488403,0.0521648499169259,0.0521648499169259
2021-12-23,126.99557673162586,Naive (last value),126.7860162445034,126.7860162445034,0.20956048712245945,0.20956048712245945,0.043915597763002495,0.043915597763002495
2021-12-24,127.20019964572856,Naive (last value),126.99557673162586,126.99557673162586,0.20462291410269984,0.20462291410269984,0.041870536975880876,0.041870536975880876
2021-12-27,127.181315992443,Naive (last value),127.20019964572856,127.20019964572856,-0.01888365328555608,0.01888365328555608,0.0003565923614090929,0.0003565923614090929
2021-12-28,127.18172813986878,Naive (last value),127.181315992443,127.181315992443,0.00041214742577722063,0.00041214742577722063,1.698655005747896e-07,1.698655005747896e-07
2021-12-29,126.96903978891582,Naive (last value),127.18172813986878,127.18172813986878,-0.21268835095295913,0.21268835095295913,0.04523633463108911,0.04523633463108911
2021-12-30,126.81008414928738,Naive (last value),126.96903978891582,126.96903978891582,-0.15895563962844506,0.15895563962844506,0.025266895369688094,0.025266895369688094
2021-12-31,126.79865555148696,Naive (last value),126.81008414928738,126.81008414928738,-0.011428597800417606,0.011428597800417606,0.00013061284768371015,0.00013061284768371015
2022-01-03,127.15346711243852,Naive (last value),126.79865555148696,126.79865555148696,0.3548115609515605,0.3548115609515605,0.12589124378488295,0.12589124378488295
2022-01-04,127.19167942915249,Naive (last value),127.15346711243852,127.15346711243852,0.03821231671396674,0.03821231671396674,0.0014601811486485022,0.0014601811486485022
2022-01-05,127.42849029600433,Naive (last value),127.19167942915249,127.19167942915249,0.23681086685184027,0.23681086685184027,0.056079386659120024,0.056079386659120024
2022-01-06,127.46628465053472,Naive (last value),127.42849029600433,127.42849029600433,0.037794354530390706,0.037794354530390706,0.0014284132343688645,0.0014284132343688645
2022-01-07,127.6174784318244,Naive (last value),127.46628465053472,127.46628465053472,0.15119378128967753,0.15119378128967753,0.022859559500670843,0.022859559500670843
2022-01-10,127.69661543110814,Naive (last value),127.6174784318244,127.6174784318244,0.0791369992837474,0.0791369992837474,0.006262664655635837,0.006262664655635837
2022-01-11,127.98340966242664,Naive (last value),127.69661543110814,127.69661543110814,0.28679423131849546,0.28679423131849546,0.08225093111756668,0.08225093111756668
2022-01-12,128.0186389827304,Naive (last value),127.98340966242664,127.98340966242664,0.03522932030377035,0.03522932030377035,0.001241105009065646,0.001241105009065646
2022-01-13,127.78613259044984,Naive (last value),128.0186389827304,128.0186389827304,-0.23250639228056968,0.23250639228056968,0.054059222451326154,0.054059222451326154
2022-01-14,127.5734571280227,Naive (last value),127.78613259044984,127.78613259044984,-0.21267546242714275,0.21267546242714275,0.045230852318599,0.045230852318599
2022-01-17,127.53222092683582,Naive (last value),127.5734571280227,127.5734571280227,-0.04123620118687654,0.04123620118687654,0.0017004242883245583,0.0017004242883245583
2022-01-18,127.33796122595308,Naive (last value),127.53222092683582,127.53222092683582,-0.19425970088273914,0.19425970088273914,0.03773683138705128,0.03773683138705128
2022-01-19,127.47774349017384,Naive (last value),127.33796122595308,127.33796122595308,0.1397822642207558,0.1397822642207558,0.019539081390681185,0.019539081390681185
2022-01-20,127.5308457129629,Naive (last value),127.47774349017384,127.47774349017384,0.05310222278906451,0.05310222278906451,0.0028198460651394424,0.0028198460651394424
2022-01-21,128.13512641545697,Naive (last value),127.5308457129629,127.5308457129629,0.6042807024940657,0.6042807024940657,0.3651551674067216,0.3651551674067216
2022-01-24,128.02551060399054,Naive (last value),128.13512641545697,128.13512641545697,-0.1096158114664263,0.1096158114664263,0.012015626123443115,0.012015626123443115
2022-01-25,128.1404787242117,Naive (last value),128.02551060399054,128.02551060399054,0.11496812022116387,0.11496812022116387,0.013217668667187989,0.013217668667187989
2022-01-26,128.0150337946583,Naive (last value),128.1404787242117,128.1404787242117,-0.12544492955339592,0.12544492955339592,0.015736430350656465,0.015736430350656465
2022-01-27,127.96214683405262,Naive (last value),128.0150337946583,128.0150337946583,-0.05288696060569009,0.05288696060569009,0.0027970306021078157,0.0027970306021078157
2022-01-28,128.0776443521668,Naive (last value),127.96214683405262,127.96214683405262,0.11549751811418218,0.11549751811418218,0.013339676690535842,0.013339676690535842
2022-01-31,127.7323389587273,Naive (last value),128.0776443521668,128.0776443521668,-0.34530539343950295,0.34530539343950295,0.11923581473840993,0.11923581473840993
2022-02-01,127.82350372564602,Naive (last value),127.7323389587273,127.7323389587273,0.09116476691872322,0.09116476691872322,0.00831101472734513,0.00831101472734513
2022-02-02,128.32931076959616,Naive (last value),127.82350372564602,127.82350372564602,0.5058070439501421,0.5058070439501421,0.255840765709581,0.255840765709581
2022-02-03,128.41986441982064,Naive (last value),128.32931076959616,128.32931076959616,0.09055365022447859,0.09055365022447859,0.00819996356897721,0.00819996356897721
2022-02-04,128.5453649489203,Naive (last value),128.41986441982064,128.41986441982064,0.1255005290996678,0.1255005290996678,0.015750382804296564,0.015750382804296564
2022-02-07,128.84682806674437,Naive (last value),128.5453649489203,128.5453649489203,0.3014631178240563,0.3014631178240563,0.09088001140820087,0.09088001140820087
2022-02-08,128.95374889769974,Naive (last value),128.84682806674437,128.84682806674437,0.10692083095537441,0.10692083095537441,0.011432064092187751,0.011432064092187751
2022-02-09,128.92715680451482,Naive (last value),128.95374889769974,128.95374889769974,-0.02659209318491662,0.02659209318491662,0.000707139419955289,0.000707139419955289
2022-02-10,128.52444839714644,Naive (last value),128.92715680451482,128.92715680451482,-0.40270840736837954,0.40270840736837954,0.16217406136517673,0.16217406136517673
2022-02-11,128.64341513952715,Naive (last value),128.52444839714644,128.52444839714644,0.11896674238070659,0.11896674238070659,0.014153085792677409,0.014153085792677409
2022-02-14,128.6975706392,Naive (last value),128.64341513952715,128.64341513952715,0.05415549967284505,0.05415549967284505,0.0029328181448155205,0.0029328181448155205
2022-02-15,128.5530915501023,Naive (last value),128.6975706392,128.6975706392,-0.14447908909770035,0.14447908909770035,0.020874207186501237,0.020874207186501237
2022-02-16,128.61214116546702,Naive (last value),128.5530915501023,128.5530915501023,0.05904961536472797,0.05904961536472797,0.0034868570747223176,0.0034868570747223176
2022-02-17,128.55208343418815,Naive (last value),128.61214116546702,128.61214116546702,-0.06005773127887437,0.06005773127887437,0.003606931086365485,0.003606931086365485
2022-02-18,128.48859641092554,Naive (last value),128.55208343418815,128.55208343418815,-0.06348702326260991,0.06348702326260991,0.004030602122747172,0.004030602122747172
2022-02-21,128.6482827463012,Naive (last value),128.48859641092554,128.48859641092554,0.15968633537565324,0.15968633537565324,0.025499725705705606,0.025499725705705606
2022-02-22,128.43167088450696,Naive (last value),128.6482827463012,128.6482827463012,-0.21661186179423453,0.21661186179423453,0.04692069866996456,0.04692069866996456
2022-02-23,128.62628442518044,Naive (last value),128.43167088450696,128.43167088450696,0.1946135406734868,0.1946135406734868,0.0378744302134709,0.0378744302134709
2022-02-24,128.44863873042834,Naive (last value),128.62628442518044,128.62628442518044,-0.17764569475210124,0.17764569475210124,0.031557992863956726,0.031557992863956726
2022-02-25,128.28759723365283,Naive (last value),128.44863873042834,128.44863873042834,-0.1610414967755105,0.1610414967755105,0.025934363683696757,0.025934363683696757
2022-02-28,128.62391827775704,Naive (last value),128.28759723365283,128.28759723365283,0.33632104410420993,0.33632104410420993,0.11311184470734592,0.11311184470734592
2022-03-01,128.90164780240707,Naive (last value),128.62391827775704,128.62391827775704,0.2777295246500273,0.2777295246500273,0.07713368886233013,0.07713368886233013
2022-03-02,128.9954474539081,Naive (last value),128.90164780240707,128.90164780240707,0.09379965150102976,0.09379965150102976,0.008798374621714634,0.008798374621714634
2022-03-03,128.8407584112254,Naive (last value),128.9954474539081,128.9954474539081,-0.15468904268269057,0.15468904268269057,0.023928699926087264,0.023928699926087264
2022-03-04,128.71151625495364,Naive (last value),128.8407584112254,128.8407584112254,-0.12924215627177205,0.12924215627177205,0.016703534957777145,0.016703534957777145
2022-03-07,128.73035543100548,Naive (last value),128.71151625495364,128.71151625495364,0.018839176051841378,0.018839176051841378,0.00035491455431227366,0.00035491455431227366
2022-03-08,128.68975640990834,Naive (last value),128.73035543100548,128.73035543100548,-0.040599021097136756,0.040599021097136756,0.0016482805140457554,0.0016482805140457554
2022-03-09,128.6687999695544,Naive (last value),128.68975640990834,128.68975640990834,-0.02095644035392752,0.02095644035392752,0.0004391723923077218,0.0004391723923077218
2022-03-10,128.6829279818966,Naive (last value),128.6687999695544,128.6687999695544,0.014128012342183638,0.014128012342183638,0.0001996007327408932,0.0001996007327408932
2022-03-11,128.60942985804718,Naive (last value),128.6829279818966,128.6829279818966,-0.07349812384941856,0.07349812384941856,0.005401974209384469,0.005401974209384469
2022-03-14,128.28371404743885,Naive (last value),128.60942985804718,128.60942985804718,-0.32571581060832955,0.32571581060832955,0.10609078928024121,0.10609078928024121
2022-03-15,128.08108145076554,Naive (last value),128.28371404743885,128.28371404743885,-0.20263259667331113,0.20263259667331113,0.04105996923456878,0.04105996923456878
2022-03-16,128.18239144027385,Naive (last value),128.08108145076554,128.08108145076554,0.10130998950830872,0.10130998950830872,0.010263713974173623,0.010263713974173623
2022-03-17,127.8952282986222,Naive (last value),128.18239144027385,128.18239144027385,-0.28716314165164647,0.28716314165164647,0.08246266992324358,0.08246266992324358
2022-03-18,127.79721684754873,Naive (last value),127.8952282986222,127.8952282986222,-0.09801145107347509,0.09801145107347509,0.0096062445415282,0.0096062445415282
2022-03-21,127.615263881894,Naive (last value),127.79721684754873,127.79721684754873,-0.1819529656547303,0.1819529656547303,0.03310688171055146,0.03310688171055146
2022-03-22,127.55540778121126,Naive (last value),127.615263881894,127.615263881894,-0.059856100682736724,0.059856100682736724,0.0035827527889419155,0.0035827527889419155
2022-03-23,127.460992862193,Naive (last value),127.55540778121126,127.55540778121126,-0.09441491901826282,0.09441491901826282,0.008914176933225127,0.008914176933225127
2022-03-24,127.69175474247022,Naive (last value),127.460992862193,127.460992862193,0.23076188027722822,0.23076188027722822,0.053251045389081805,0.053251045389081805
2022-03-25,127.82410583623292,Naive (last value),127.69175474247022,127.69175474247022,0.1323510937626935,0.1323510937626935,0.017516812020181283,0.017516812020181283
2022-03-28,127.53259850578156,Naive (last value),127.82410583623292,127.82410583623292,-0.2915073304513527,0.2915073304513527,0.08497652370687413,0.08497652370687413
2022-03-29,127.55394695019832,Naive (last value),127.53259850578156,127.53259850578156,0.021348444416759094,0.021348444416759094,0.0004557560790154525,0.0004557560790154525
2022-03-30,127.35001232409996,Naive (last value),127.55394695019832,127.55394695019832,-0.20393462609835922,0.20393462609835922,0.04158933172187758,0.04158933172187758
2022-03-31,127.1935583445198,Naive (last value),127.35001232409996,127.35001232409996,-0.1564539795801636,0.1564539795801636,0.02447784772647025,0.02447784772647025
2022-04-01,127.17506161568429,Naive (last value),127.1935583445198,127.1935583445198,-0.01849672883551534,0.01849672883551534,0.0003421289776145847,0.0003421289776145847
2022-04-04,126.98883774688474,Naive (last value),127.17506161568429,127.17506161568429,-0.18622386879954433,0.18622386879954433,0.0346793293106699,0.0346793293106699
2022-04-05,127.07660160709382,Naive (last value),126.98883774688474,126.98883774688474,0.08776386020907978,0.08776386020907978,0.007702495158798897,0.007702495158798897
2022-04-06,126.85628710911791,Naive (last value),127.07660160709382,127.07660160709382,-0.22031449797590597,0.22031449797590597,0.04853847801837547,0.04853847801837547
2022-04-07,126.60025662235692,Naive (last value),126.85628710911791,126.85628710911791,-0.2560304867609915,0.2560304867609915,0.06555161015107024,0.06555161015107024
2022-04-08,126.35504649687174,Naive (last value),126.60025662235692,126.60025662235692,-0.24521012548518684,0.24521012548518684,0.06012800564046107,0.06012800564046107
2022-04-11,126.11021838793394,Naive (last value),126.35504649687174,126.35504649687174,-0.24482810893779572,0.24482810893779572,0.05994080292605717,0.05994080292605717
2022-04-12,126.20114894281356,Naive (last value),126.11021838793394,126.11021838793394,0.09093055487961976,0.09093055487961976,0.008268365810715541,0.008268365810715541
2022-04-13,126.25777519713392,Naive (last value),126.20114894281356,126.20114894281356,0.0566262543203635,0.0566262543203635,0.003206532678354486,0.003206532678354486
2022-04-14,126.52828897371846,Naive (last value),126.25777519713392,126.25777519713392,0.27051377658453646,0.27051377658453646,0.07317770332202851,0.07317770332202851
2022-04-15,126.95311026723834,Naive (last value),126.52828897371846,126.52828897371846,0.4248212935198836,0.4248212935198836,0.1804731314279071,0.1804731314279071
2022-04-18,126.70026296817812,Naive (last value),126.95311026723834,126.95311026723834,-0.2528472990602211,0.2528472990602211,0.06393175664204888,0.06393175664204888
2022-04-19,126.58272209368646,Naive (last value),126.70026296817812,126.70026296817812,-0.11754087449166661,0.11754087449166661,0.013815857176265723,0.013815857176265723
2022-04-20,126.20865273483324,Naive (last value),126.58272209368646,126.58272209368646,-0.37406935885321957,0.37406935885321957,0.13992788523285876,0.13992788523285876
2022-04-21,125.85266301221114,Naive (last value),126.20865273483324,126.20865273483324,-0.35598972262209827,0.35598972262209827,0.12672868261255846,0.12672868261255846
2022-04-22,125.55651175412184,Naive (last value),125.85266301221114,125.85266301221114,-0.29615125808929577,0.29615125808929577,0.08770556766787267,0.08770556766787267
2022-04-25,125.18897136963426,Naive (last value),125.55651175412184,125.55651175412184,-0.3675403844875831,0.3675403844875831,0.1350859342292804,0.1350859342292804
2022-04-26,124.79203782952128,Naive (last value),125.18897136963426,125.18897136963426,-0.39693354011298254,0.39693354011298254,0.1575562352666247,0.1575562352666247
2022-04-27,124.60079004928708,Naive (last value),124.79203782952128,124.79203782952128,-0.19124778023419253,0.19124778023419253,0.036575713444506004,0.036575713444506004
2022-04-28,124.19245445901691,Naive (last value),124.60079004928708,124.60079004928708,-0.40833559027016975,0.40833559027016975,0.16673795428128796,0.16673795428128796
2022-04-29,124.17107440744688,Naive (last value),124.19245445901691,124.19245445901691,-0.021380051570034198,0.021380051570034198,0.00045710660513732175,0.00045710660513732175
2022-05-02,123.87162373847424,Naive (last value),124.17107440744688,124.17107440744688,-0.2994506689726393,0.2994506689726393,0.08967070314816118,0.08967070314816118
2022-05-03,124.2730356250622,Naive (last value),123.87162373847424,123.87162373847424,0.4014118865879652,0.4014118865879652,0.16113150269410945,0.16113150269410945
2022-05-04,124.16935784046528,Naive (last value),124.2730356250622,124.2730356250622,-0.10367778459692545,0.10367778459692545,0.010749083018926471,0.010749083018926471
2022-05-05,124.04419916876418,Naive (last value),124.16935784046528,124.16935784046528,-0.12515867170110084,0.12515867170110084,0.015664693101983942,0.015664693101983942
2022-05-06,123.67667911534012,Naive (last value),124.04419916876418,124.04419916876418,-0.3675200534240588,0.3675200534240588,0.13507098966882303,0.13507098966882303
2022-05-09,123.8486807669864,Naive (last value),123.67667911534012,123.67667911534012,0.17200165164628345,0.17200165164628345,0.029584568169049443,0.029584568169049443
2022-05-10,123.97327090191752,Naive (last value),123.8486807669864,123.8486807669864,0.12459013493111115,0.12459013493111115,0.015522701722152484,0.015522701722152484
2022-05-11,123.92379661725433,Naive (last value),123.97327090191752,123.97327090191752,-0.049474284663190815,0.049474284663190815,0.0024477048429344377,0.0024477048429344377
2022-05-12,123.55112317592172,Naive (last value),123.92379661725433,123.92379661725433,-0.3726734413326085,0.3726734413326085,0.13888549387468918,0.13888549387468918
2022-05-13,123.4227245292654,Naive (last value),123.55112317592172,123.55112317592172,-0.12839864665632206,0.12839864665632206,0.016486212463175044,0.016486212463175044
2022-05-16,123.08086486864782,Naive (last value),123.4227245292654,123.4227245292654,-0.34185966061757256,0.34185966061757256,0.11686802755756188,0.11686802755756188
2022-05-17,123.21648761222,Naive (last value),123.08086486864782,123.08086486864782,0.13562274357218485,0.13562274357218485,0.018393528574046605,0.018393528574046605
2022-05-18,123.32410677929688,Naive (last value),123.21648761222,123.21648761222,0.10761916707687647,0.10761916707687647,0.011581885122320652,0.011581885122320652
2022-05-19,123.30002612404554,Naive (last value),123.32410677929688,123.32410677929688,-0.024080655251339067,0.024080655251339067,0.0005798779573338438,0.0005798779573338438
2022-05-20,122.70442290651002,Naive (last value),123.30002612404554,123.30002612404554,-0.5956032175355261,0.5956032175355261,0.3547431927386713,0.3547431927386713
2022-05-23,122.28638632014466,Naive (last value),122.70442290651002,122.70442290651002,-0.41803658636536056,0.41803658636536056,0.17475458754000356,0.17475458754000356
2022-05-24,122.24230475147486,Naive (last value),122.28638632014466,122.28638632014466,-0.044081568669795956,0.044081568669795956,0.0019431846963899365,0.0019431846963899365
2022-05-25,122.40844902667436,Naive (last value),122.24230475147486,122.24230475147486,0.1661442751994997,0.1661442751994997,0.027603920181567092,0.027603920181567092
2022-05-26,122.61790922917878,Naive (last value),122.40844902667436,122.40844902667436,0.20946020250441677,0.20946020250441677,0.04387357643319128,0.04387357643319128
2022-05-27,122.26528561924624,Naive (last value),122.61790922917878,122.61790922917878,-0.35262360993253594,0.35262360993253594,0.12434341028185326,0.12434341028185326
2022-05-30,122.14068354840342,Naive (last value),122.26528561924624,122.26528561924624,-0.12460207084282615,0.12460207084282615,0.015525676058320666,0.015525676058320666
2022-05-31,122.22367666403552,Naive (last value),122.14068354840342,122.14068354840342,0.08299311563210665,0.08299311563210665,0.006887857242324226,0.006887857242324226
2022-06-01,121.8341880182428,Naive (last value),122.22367666403552,122.22367666403552,-0.38948864579272424,0.38948864579272424,0.1517014052014502,0.1517014052014502
2022-06-02,121.68924588407629,Naive (last value),121.8341880182428,121.8341880182428,-0.14494213416651291,0.14494213416651291,0.021008222256743432,0.021008222256743432
2022-06-03,121.656094010026,Naive (last value),121.68924588407629,121.68924588407629,-0.033151874050290076,0.033151874050290076,0.0010990467530462966,0.0010990467530462966
2022-06-06,121.542951075685,Naive (last value),121.656094010026,121.656094010026,-0.11314293434099909,0.11314293434099909,0.012801323591291632,0.012801323591291632
2022-06-07,121.10023862868675,Naive (last value),121.542951075685,121.542951075685,-0.4427124469982431,0.4427124469982431,0.1959943107271722,0.1959943107271722
2022-06-08,120.92791681470966,Naive (last value),121.10023862868675,121.10023862868675,-0.17232181397709212,0.17232181397709212,0.02969480757235554,0.02969480757235554
2022-06-09,120.77870337868116,Naive (last value),120.92791681470966,120.92791681470966,-0.14921343602850357,0.14921343602850357,0.022264649491432326,0.022264649491432326
2022-06-10,120.67015315162882,Naive (last value),120.77870337868116,120.77870337868116,-0.10855022705233353,0.10855022705233353,0.01178315179311316,0.01178315179311316
2022-06-13,120.51745585488771,Naive (last value),120.67015315162882,120.67015315162882,-0.15269729674110977,0.15269729674110977,0.023316464432042532,0.023316464432042532
2021-10-12,128.49303249595323,ARIMA,128.5690523359777,128.5462862516983,-0.07601984002445761,0.07601984002445761,0.005779016077344126,0.002835962500954614
2021-10-13,128.64453941518883,ARIMA,128.48614357370494,128.49303249595323,0.15839584148389463,0.15839584148389463,0.025089242599391076,0.022954346576262892
2021-10-14,128.11971759051625,ARIMA,128.69007462063246,128.64453941518883,-0.5703570301162131,0.5703570301162131,0.3253071418029868,0.2754379476526621
2021-10-15,128.25799520797483,ARIMA,127.97169423289736,128.11971759051625,0.28630097507746655,0.28630097507746655,0.08196824833030812,0.019120699490022562
2021-10-18,128.2495422344636,ARIMA,128.23604263618782,128.25799520797483,0.013499598275785729,0.013499598275785729,0.00018223915360759702,7.145276118148058e-05
2021-10-19,128.35474230458067,ARIMA,128.2369925539388,128.2495422344636,0.11774975064187743,0.11774975064187743,0.013865003776224313,0.011067054752635206
2021-10-20,128.0566563579695,ARIMA,128.38287997650426,128.35474230458067,-0.3262236185347547,0.3262236185347547,0.10642184928990914,0.08885523156707534
2021-10-21,127.75026979389008,ARIMA,127.97360204601858,128.0566563579695,-0.22333225212850039,0.22333225212850039,0.04987729484078807,0.09387272664839111
2021-10-22,127.6498421923347,ARIMA,127.61472661446042,127.75026979389008,0.035115577874279325,0.035115577874279325,0.0012331038094445755,0.010085703154166431
2021-10-25,127.54588878728214,ARIMA,127.55687587120885,127.6498421923347,-0.010987083926707442,0.010987083926707442,0.00012071601321251301,0.010806310422022555
2021-10-26,127.51330680065088,ARIMA,127.4708695961045,127.54588878728214,0.04243720454637412,0.04243720454637412,0.0018009163297107963,0.001061585852839417
2021-10-27,127.65575530667196,ARIMA,127.46923446060435,127.51330680065088,0.18652084606760866,0.18652084606760866,0.03479002601777657,0.02029157686763844
2021-10-28,127.27864658980435,ARIMA,127.68172160652644,127.65575530667196,-0.40307501672208446,0.40307501672208446,0.16246946910550866,0.14221098433753554
2021-10-29,127.3491281602696,ARIMA,127.16925902807364,127.27864658980435,0.1798691321959609,0.1798691321959609,0.03235290471692806,0.004967651775247649
2021-11-01,127.27070461902532,ARIMA,127.32273090420614,127.3491281602696,-0.052026285180815535,0.052026285180815535,0.002706734349715546,0.006150251821292794
2021-11-02,127.11086847804653,ARIMA,127.23370808414056,127.27070461902532,-0.12283960609403266,0.12283960609403266,0.015089568825337105,0.025547591962993853
2021-11-03,126.74969399004657,ARIMA,127.04299520538336,127.11086847804653,-0.29330121533679687,0.29330121533679687,0.0860256029180421,0.13044701078203363
2021-11-04,126.7503302811134,ARIMA,126.60337068771034,126.74969399004657,0.14695959340306786,0.14695959340306786,0.021597122093195024,4.0486632174044205e-07
2021-11-05,126.19934592058088,ARIMA,126.68496717234976,126.7503302811134,-0.48562125176887605,0.48562125176887605,0.2358280001695701,0.30358376555143485
2021-11-08,126.137452121954,ARIMA,125.99323298003486,126.19934592058088,0.14421914191913743,0.14421914191913743,0.020799160895892302,0.003830842308465177
2021-11-09,125.78822912702186,ARIMA,126.02522997026648,126.137452121954,-0.23700084324461557,0.23700084324461557,0.05616939969865884,0.1219567001893694
2021-11-10,125.71113450193528,ARIMA,125.62586865561602,125.78822912702186,0.08526584631925971,0.08526584631925971,0.007270264548539614,0.0059435812172415016
2021-11-11,125.67518417834792,ARIMA,125.61363948141494,125.71113450193528,0.06154469693298381,0.06154469693298381,0.003787749720572827,0.0012924257660357132
2021-11-12,125.88354369957258,ARIMA,125.61995946577106,125.67518417834792,0.26358423380152374,0.26358423380152374,0.06947664830873633,0.043413690084971604
2021-11-15,125.85738155911687,ARIMA,125.92566502431158,125.88354369957258,-0.0682834651947104,0.0682834651947104,0.004662631618997227,0.0006844575932243196
2021-11-16,125.67484826875976,ARIMA,125.86786003354058,125.85738155911687,-0.19301176478082027,0.19301176478082027,0.03725354134380669,0.03331840208859439
2021-11-17,125.52073347609016,ARIMA,125.62096444754224,125.67484826875976,-0.10023097145207771,0.10023097145207771,0.010046247638227217,0.02375136931959463
2021-11-18,125.72610774290123,ARIMA,125.44712914401096,125.52073347609016,0.27897859889027643,0.27897859889027643,0.07782905863878174,0.04217858946818752
2021-11-19,125.84589069887384,ARIMA,125.75903514236896,125.72610774290123,0.08685555650488652,0.08685555650488652,0.007543887695773535,0.014347956541536283
2021-11-22,125.82960489561526,ARIMA,125.89908658999956,125.84589069887384,-0.06948169438429375,0.06948169438429375,0.004827705854512397,0.0002652273877772755
2021-11-23,125.8148358320822,ARIMA,125.84821541919884,125.82960489561526,-0.033379587116641574,0.033379587116641574,0.0011141968360774642,0.00021812523764374507
2021-11-24,125.52540698375924,ARIMA,125.81843544817993,125.8148358320822,-0.2930284644206864,0.2930284644206864,0.08586568096074548,0.08376905824155262
2021-11-25,125.53519649187795,ARIMA,125.43413546209088,125.52540698375924,0.10106102978707554,0.10106102978707554,0.01021333174162417,9.583446920638116e-05
2021-11-26,125.2148325439678,ARIMA,125.49743950700416,125.53519649187795,-0.2826069630363577,0.2826069630363577,0.07986669555663324,0.10263305912057893
2021-11-29,125.33057417195646,ARIMA,125.09510137626752,125.2148325439678,0.23547279568893487,0.23547279568893487,0.05544743750956286,0.013396124449464144
2021-11-30,125.4090530915111,ARIMA,125.31406697151225,125.33057417195646,0.09498611999885043,0.09498611999885043,0.009022362992436013,0.006158940814463802
2021-12-01,125.95194464200983,ARIMA,125.42684195921848,125.4090530915111,0.5251026827913563,0.5251026827913563,0.27573282747467975,0.294731235602923
2021-12-02,125.88202903357862,ARIMA,126.13414244535544,125.95194464200983,-0.25211341177681845,0.25211341177681845,0.06356117239774763,0.0048881923023071875
2021-12-03,125.89510317829291,ARIMA,125.94123410864697,125.88202903357862,-0.046130930354053135,0.046130930354053135,0.002128062735330501,0.00017093326001033427
2021-12-06,126.3068097856902,ARIMA,125.92582870644492,125.89510317829291,0.3809810792452879,0.3809810792452879,0.14514658274290435,0.16950233057458805
2021-12-07,126.67478398939792,ARIMA,126.452704167199,126.3068097856902,0.2220798221989213,0.2220798221989213,0.0493194474279045,0.13540501459432885
2021-12-08,126.6177759664013,ARIMA,126.8582506523252,126.67478398939792,-0.24047468592389976,0.24047468592389976,0.05782807457019823,0.0032499146859839016
2021-12-09,126.70084776233368,ARIMA,126.68169196293952,126.6177759664013,0.019155799394155792,0.019155799394155792,0.00036694465042913944,0.00690092327943156
2021-12-10,126.75835803678665,ARIMA,126.75614813716224,126.70084776233368,0.002209899624403988,0.002209899624403988,4.883656349940888e-06,0.0033074316676554574
2021-12-13,126.8557971141274,ARIMA,126.80159446932362,126.75835803678665,0.05420264480378023,0.05420264480378023,0.0029379267037247642,0.009494373793017066
2021-12-14,126.82775490792328,ARIMA,126.90644179683471,126.8557971141274,-0.0786868889114345,0.0786868889114345,0.006191626486560433,0.0007863653287943683
2021-12-15,126.90075742225898,ARIMA,126.84144933240589,126.82775490792328,0.059308089853089996,0.059308089853089996,0.0035174495220221965,0.005329367099333831
2021-12-16,126.68804494625977,ARIMA,126.93032209772204,126.90075742225898,-0.24227715146227524,0.24227715146227524,0.05869821812067426,0.04524659744571508
2021-12-17,126.74584942164267,ARIMA,126.63302842206876,126.68804494625977,0.11282099957391267,0.11282099957391267,0.012728577944856804,0.003341357374293333
2021-12-20,126.94563147646882,ARIMA,126.73974739005946,126.74584942164267,0.2058840864093554,0.2058840864093554,0.042388257036614925,0.03991286943055657
2021-12-21,127.01441250085828,ARIMA,127.00701190993742,126.94563147646882,0.007400590920866534,0.007400590920866534,5.476874597801218e-05,0.004730829316064314
2021-12-22,126.7860162445034,ARIMA,127.06399044892568,127.01441250085828,-0.2779742044222786,0.2779742044222786,0.07726965832419873,0.0521648499169259
2021-12-23,126.99557673162586,ARIMA,126.7349343526085,126.7860162445034,0.2606423790173551,0.2606423790173551,0.06793444973982658,0.043915597763002495
2021-12-24,127.20019964572856,ARIMA,127.03993986784155,126.99557673162586,0.1602597778870063,0.1602597778870063,0.025683196408392592,0.041870536975880876
2021-12-27,127.181315992443,ARIMA,127.28574701019588,127.20019964572856,-0.10443101775287289,0.10443101775287289,0.010905837468900852,0.0003565923614090929
2021-12-28,127.18172813986878,ARIMA,127.21358946434684,127.181315992443,-0.031861324478057895,0.031861324478057895,0.0010151439974960912,1.698655005747896e-07
2021-12-29,126.96903978891582,ARIMA,127.19632211460994,127.18172813986878,-0.22728232569411944,0.22728232569411944,0.05165725557292778,0.04523633463108911
2021-12-30,126.81008414928738,ARIMA,126.9073226526284,126.96903978891582,-0.09723850334101769,0.09723850334101769,0.009455326532001108,0.025266895369688094
2021-12-31,126.79865555148696,ARIMA,126.73141617608763,126.81008414928738,0.06723937539932479,0.06723937539932479,0.004521133604091323,0.00013061284768371015
2022-01-03,127.15346711243852,ARIMA,126.75973681486752,126.79865555148696,0.39373029757099687,0.39373029757099687,0.15502354722534575,0.12589124378488295
2022-01-04,127.19167942915249,ARIMA,127.24989502133266,127.15346711243852,-0.05821559218017569,0.05821559218017569,0.003389055172888533,0.0014601811486485022
2022-01-05,127.42849029600433,ARIMA,127.24715189683994,127.19167942915249,0.18133839916438887,0.18133839916438887,0.032883615011503234,0.056079386659120024
2022-01-06,127.46628465053472,ARIMA,127.52934560855164,127.42849029600433,-0.06306095801691924,0.06306095801691924,0.003976684426011652,0.0014284132343688645
2022-01-07,127.6174784318244,ARIMA,127.52360689902126,127.46628465053472,0.09387153280313498,0.09387153280313498,0.008811864670810047,0.022859559500670843
2022-01-10,127.69661543110814,ARIMA,127.69168609828849,127.6174784318244,0.004929332819656906,0.004929332819656906,2.4298322046946707e-05,0.006262664655635837
2022-01-11,127.98340966242664,ARIMA,127.75526472328534,127.69661543110814,0.22814493914130196,0.22814493914130196,0.05205011325578838,0.08225093111756668
2022-01-12,128.0186389827304,ARIMA,128.10172934046443,127.98340966242664,-0.08309035773402229,0.08309035773402229,0.0069040075483677976,0.001241105009065646
2022-01-13,127.78613259044984,ARIMA,128.0829638143803,128.0186389827304,-0.2968312239304538,0.2968312239304538,0.08810877550005121,0.054059222451326154
2022-01-14,127.5734571280227,ARIMA,127.7403397217155,127.78613259044984,-0.16688259369280445,0.16688259369280445,0.027849800077637654,0.045230852318599
2022-01-17,127.53222092683582,ARIMA,127.48468485037886,127.5734571280227,0.04753607645696434,0.04753607645696434,0.002259678564922359,0.0017004242883245583
2022-01-18,127.33796122595308,ARIMA,127.47920850357168,127.53222092683582,-0.14124727761860356,0.14124727761860356,0.019950793434666866,0.03773683138705128
2022-01-19,127.47774349017384,ARIMA,127.25186392373182,127.33796122595308,0.22587956644201768,0.22587956644201768,0.051021578536033875,0.019539081390681185
2022-01-20,127.5308457129629,ARIMA,127.48402279156014,127.47774349017384,0.04682292140276445,0.04682292140276445,0.002192385968689457,0.0028198460651394424
2022-01-21,128.13512641545697,ARIMA,127.55070120969468,127.5308457129629,0.5844252057622867,0.5844252057622867,0.3415528211302912,0.3651551674067216
2022-01-24,128.02551060399054,ARIMA,128.33795149166394,128.13512641545697,-0.3124408876734037,0.3124408876734037,0.09761930829014448,0.012015626123443115
2022-01-25,128.1404787242117,ARIMA,128.0812180108736,128.02551060399054,0.05926071333809091,0.05926071333809091,0.003511832145339386,0.013217668667187989
2022-01-26,128.0150337946583,ARIMA,128.20233711767597,128.1404787242117,-0.18730332301765884,0.18730332301765884,0.035082534813457446,0.015736430350656465
2022-01-27,127.96214683405262,ARIMA,128.0024942521018,128.0150337946583,-0.04034741804917985,0.04034741804917985,0.001627914143235284,0.0027970306021078157
2022-01-28,128.0776443521668,ARIMA,127.939555212879,127.96214683405262,0.13808913928779987,0.13808913928779987,0.019068610389245393,0.013339676690535842
2022-01-31,127.7323389587273,ARIMA,128.1045869342002,128.0776443521668,-0.3722479754729022,0.3722479754729022,0.13856855524367442,0.11923581473840993
2022-02-01,127.82350372564602,ARIMA,127.63359530035676,127.7323389587273,0.18990842528926066,0.18990842528926066,0.0360652099958467,0.00831101472734513
2022-02-02,128.32931076959616,ARIMA,127.80851371371584,127.82350372564602,0.5207970558803225,0.5207970558803225,0.2712295734136118,0.255840765709581
2022-02-03,128.41986441982064,ARIMA,128.4849191054049,128.32931076959616,-0.06505468558427197,0.06505468558427197,0.004232112116468483,0.00819996356897721
2022-02-04,128.5453649489203,ARIMA,128.5186531327015,128.41986441982064,0.026711816218806916,0.026711816218806916,0.0007135211257073162,0.015750382804296564
2022-02-07,128.84682806674437,ARIMA,128.62990812485563,128.5453649489203,0.2169199418887331,0.2169199418887331,0.04705426118901134,0.09088001140820087
2022-02-08,128.95374889769974,ARIMA,128.98145835509698,128.84682806674437,-0.027709457397236292,0.027709457397236292,0.0007678140292492531,0.011432064092187751
2022-02-09,128.92715680451482,ARIMA,129.0483899829522,128.95374889769974,-0.12123317843736459,0.12123317843736459,0.014697483554025881,0.000707139419955289
2022-02-10,128.52444839714644,ARIMA,128.96103134346035,128.92715680451482,-0.43658294631390504,0.43658294631390504,0.19060466901213008,0.16217406136517673
2022-02-11,128.64341513952715,ARIMA,128.41038896748825,128.52444839714644,0.23302617203890463,0.23302617203890463,0.05430119685510518,0.014153085792677409
2022-02-14,128.6975706392,ARIMA,128.63048445345885,128.64341513952715,0.06708618574114666,0.06708618574114666,0.00450055631729563,0.0029328181448155205
2022-02-15,128.5530915501023,ARIMA,128.7091561831145,128.6975706392,-0.15606463301219264,0.15606463301219264,0.02435616967723037,0.020874207186501237
2022-02-16,128.61214116546702,ARIMA,128.51191629119765,128.5530915501023,0.10022487426937232,0.10022487426937232,0.01004502542231149,0.0034868570747223176
2022-02-17,128.55208343418815,ARIMA,128.61264098413085,128.61214116546702,-0.06055754994270046,0.06055754994270046,0.0036672168550626605,0.003606931086365485
2022-02-18,128.48859641092554,ARIMA,128.53303346782428,128.55208343418815,-0.044437056898743776,0.044437056898743776,0.001974652025822192,0.004030602122747172
2022-02-21,128.6482827463012,ARIMA,128.4596856673456,128.48859641092554,0.1885970789555813,0.1885970789555813,0.03556885819057777,0.025499725705705606
2022-02-22,128.43167088450696,ARIMA,128.6865749644502,128.6482827463012,-0.2549040799432305,0.2549040799432305,0.06497608997170484,0.04692069866996456
2022-02-23,128.62628442518044,ARIMA,128.37931375815657,128.43167088450696,0.2469706670238736,0.2469706670238736,0.060994510370217046,0.0378744302134709
2022-02-24,128.44863873042834,ARIMA,128.66527930457198,128.62628442518044,-0.21664057414363924,0.21664057414363924,0.04693313836528565,0.031557992863956726
2022-02-25,128.28759723365283,ARIMA,128.40910162271214,128.44863873042834,-0.12150438905931082,0.12150438905931082,0.014763316560676372,0.025934363683696757
2022-02-28,128.62391827775704,ARIMA,128.21819870617622,128.28759723365283,0.40571957158081773,0.40571957158081773,0.16460837076372228,0.11311184470734592
2022-03-01,128.90164780240707,ARIMA,128.70075418564278,128.62391827775704,0.20089361676429007,0.20089361676429007,0.04035824525663745,0.07713368886233013
2022-03-02,128.9954474539081,ARIMA,129.02520780580093,128.90164780240707,-0.02976035189283266,0.02976035189283266,0.0008856785447852284,0.008798374621714634
2022-03-03,128.8407584112254,ARIMA,129.08091706251938,128.9954474539081,-0.2401586512939673,0.2401586512939673,0.05767617779133738,0.023928699926087264
2022-03-04,128.71151625495364,ARIMA,128.82941390619877,128.8407584112254,-0.11789765124512996,0.11789765124512996,0.013899856169118294,0.016703534957777145
2022-03-07,128.73035543100548,ARIMA,128.66495595565877,128.71151625495364,0.06539947534670887,0.06539947534670887,0.0042770913756247815,0.00035491455431227366
2022-03-08,128.68975640990834,ARIMA,128.7155377459776,128.73035543100548,-0.025781336069258032,0.025781336069258032,0.0006646772895160252,0.0016482805140457554
2022-03-09,128.6687999695544,ARIMA,128.67008744360788,128.68975640990834,-0.0012874740534698503,0.0012874740534698503,1.657589438358087e-06,0.0004391723923077218
2022-03-10,128.6829279818966,ARIMA,128.653260914351,128.6687999695544,0.029667067545602777,0.029667067545602777,0.0008801348967553576,0.0001996007327408932
2022-03-11,128.60942985804718,ARIMA,128.6804989590112,128.6829279818966,-0.0710691009640243,0.0710691009640243,0.0050508171118346795,0.005401974209384469
2022-03-14,128.28371404743885,ARIMA,128.58475414382855,128.60942985804718,-0.3010400963896984,0.3010400963896984,0.09062513963431891,0.10609078928024121
2022-03-15,128.08108145076554,ARIMA,128.16812704434915,128.28371404743885,-0.08704559358361053,0.08704559358361053,0.007576935362323098,0.04105996923456878
2022-03-16,128.18239144027385,ARIMA,127.96425749008972,128.08108145076554,0.21813395018412507,0.21813395018412507,0.047582420222930355,0.010263713974173623
2022-03-17,127.8952282986222,ARIMA,128.162555504807,128.18239144027385,-0.2673272061847882,0.2673272061847882,0.07146383516656428,0.08246266992324358
2022-03-18,127.79721684754873,ARIMA,127.7941824507004,127.8952282986222,0.0030343968483208528,0.0030343968483208528,9.207564233099525e-06,0.0096062445415282
2022-03-21,127.615263881894,ARIMA,127.72048414176837,127.79721684754873,-0.10522025987437189,0.10522025987437189,0.011071303088030355,0.03310688171055146
2022-03-22,127.55540778121126,ARIMA,127.52248706736036,127.615263881894,0.03292071385089912,0.03292071385089912,0.001083773400452781,0.0035827527889419155
2022-03-23,127.460992862193,ARIMA,127.49462536695154,127.55540778121126,-0.03363250475854329,0.03363250475854329,0.0011311453763334371,0.008914176933225127
2022-03-24,127.69175474247022,ARIMA,127.40345636786978,127.460992862193,0.28829837460044416,0.28829837460044416,0.08311595279725803,0.053251045389081805
2022-03-25,127.82410583623292,ARIMA,127.74002960281436,127.69175474247022,0.08407623341855697,0.08407623341855697,0.007068813025851675,0.017516812020181283
2022-03-28,127.53259850578156,ARIMA,127.88821231774372,127.82410583623292,-0.3556138119621579,0.3556138119621579,0.126461183258257,0.08497652370687413
2022-03-29,127.55394695019832,ARIMA,127.46777300973348,127.53259850578156,0.08617394046484605,0.08617394046484605,0.007425948015238833,0.0004557560790154525
2022-03-30,127.35001232409996,ARIMA,127.5317499338335,127.55394695019832,-0.18173760973353126,0.18173760973353126,0.033028558791657316,0.04158933172187758
2022-03-31,127.1935583445198,ARIMA,127.27461846111709,127.35001232409996,-0.08106011659728551,0.08106011659728551,0.006570742502765523,0.02447784772647025
2022-04-01,127.17506161568429,ARIMA,127.1095646866397,127.1935583445198,0.06549692904458482,0.06549692904458482,0.004289847714271378,0.0003421289776145847
2022-04-04,126.98883774688474,ARIMA,127.1314881166422,127.17506161568429,-0.1426503697574617,0.1426503697574617,0.020349127991940545,0.0346793293106699
2022-04-05,127.07660160709382,ARIMA,126.90954890312548,126.98883774688474,0.16705270396833782,0.16705270396833782,0.02790660590313311,0.007702495158798897
2022-04-06,126.85628710911791,ARIMA,127.0692378452862,127.07660160709382,-0.2129507361682812,0.2129507361682812,0.04534801603461291,0.04853847801837547
2022-04-07,126.60025662235692,ARIMA,126.782283325994,126.85628710911791,-0.18202670363707796,0.18202670363707796,0.03313372083698061,0.06555161015107024
2022-04-08,126.35504649687174,ARIMA,126.48492942111244,126.60025662235692,-0.1298829242407038,0.1298829242407038,0.016869574009316404,0.06012800564046107
2022-04-11,126.11021838793394,ARIMA,126.22467482551164,126.35504649687174,-0.11445643757770085,0.11445643757770085,0.013100276102978132,0.05994080292605717
2022-04-12,126.20114894281356,ARIMA,125.9732279042706,126.11021838793394,0.2279210385429593,0.2279210385429593,0.05194799981050114,0.008268365810715541
2022-04-13,126.25777519713392,ARIMA,126.16894540675248,126.20114894281356,0.08882979038143901,0.08882979038143901,0.007890731659210394,0.003206532678354486
2022-04-14,126.52828897371846,ARIMA,126.26151752145717,126.25777519713392,0.2667714522612954,0.2667714522612954,0.0711670077416006,0.07317770332202851
2022-04-15,126.95311026723834,ARIMA,126.61678012059431,126.52828897371846,0.3363301466440305,0.3363301466440305,0.11311796754159506,0.1804731314279071
2022-04-18,126.70026296817812,ARIMA,127.12909816879646,126.95311026723834,-0.42883520061833735,0.42883520061833735,0.18389962928936965,0.06393175664204888
2022-04-19,126.58272209368646,ARIMA,126.6979783231664,126.70026296817812,-0.11525622947993952,0.11525622947993952,0.01328399843393248,0.013815857176265723
2022-04-20,126.20865273483324,ARIMA,126.54397672337944,126.58272209368646,-0.3353239885462074,0.3353239885462074,0.11244217729453701,0.13992788523285876
2022-04-21,125.85266301221114,ARIMA,126.071243346746,126.20865273483324,-0.21858033453486314,0.21858033453486314,0.04777736264537268,0.12672868261255846
2022-04-22,125.55651175412184,ARIMA,125.67684456648804,125.85266301221114,-0.12033281236620041,0.12033281236620041,0.014479985731959195,0.08770556766787267
2022-04-25,125.18897136963426,ARIMA,125.38268581898272,125.55651175412184,-0.19371444934846238,0.19371444934846238,0.037525287886377996,0.1350859342292804
2022-04-26,124.79203782952128,ARIMA,124.99312783126642,125.18897136963426,-0.20109000174514335,0.20109000174514335,0.040437188801861756,0.1575562352666247
2022-04-27,124.60079004928708,ARIMA,124.57689527454323,124.79203782952128,0.0238947747438516,0.0238947747438516,0.0005709602600594083,0.036575713444506004
2022-04-28,124.19245445901691,ARIMA,124.44300901083976,124.60079004928708,-0.2505545518228445,0.2505545518228445,0.06277758343914645,0.16673795428128796
2022-04-29,124.17107440744688,ARIMA,123.99070848272083,124.19245445901691,0.18036592472604696,0.18036592472604696,0.03253186680228204,0.00045710660513732175
2022-05-02,123.87162373847424,ARIMA,124.07381089923052,124.17107440744688,-0.20218716075628151,0.20218716075628151,0.04087964797468643,0.08967070314816118
2022-05-03,124.2730356250622,ARIMA,123.73193932537066,123.87162373847424,0.5410962996915458,0.5410962996915458,0.2927852055398832,0.16113150269410945
2022-05-04,124.16935784046528,ARIMA,124.3392656835365,124.2730356250622,-0.16990784307121487,0.16990784307121487,0.028868675137112578,0.010749083018926471
2022-05-05,124.04419916876418,ARIMA,124.1657628234912,124.16935784046528,-0.12156365472702646,0.12156365472702646,0.014777722150591702,0.015664693101983942
2022-05-06,123.67667911534012,ARIMA,124.00242189244292,124.04419916876418,-0.3257427771028034,0.3257427771028034,0.10610835683464667,0.13507098966882303
2022-05-09,123.8486807669864,ARIMA,123.54001295924922,123.67667911534012,0.30866780773718006,0.30866780773718006,0.09527581553327676,0.029584568169049443
2022-05-10,123.97327090191752,ARIMA,123.84264017813308,123.8486807669864,0.13063072378443508,0.13063072378443508,0.017064385996445372,0.015522701722152484
2022-05-11,123.92379661725433,ARIMA,124.01054801717046,123.97327090191752,-0.0867513999161389,0.0867513999161389,0.007525805387409863,0.0024477048429344377
2022-05-12,123.55112317592172,ARIMA,123.92462299294414,123.92379661725433,-0.3734998170224202,0.3734998170224202,0.13950211331578136,0.13888549387468918
2022-05-13,123.4227245292654,ARIMA,123.4318938259988,123.55112317592172,-0.009169296733404053,0.009169296733404053,8.407600258521424e-05,0.016486212463175044
2022-05-16,123.08086486864782,ARIMA,123.32809185264615,123.4227245292654,-0.2472269839983312,0.2472269839983312,0.061121181616911116,0.11686802755756188
2022-05-17,123.21648761222,ARIMA,122.9287492881918,123.08086486864782,0.2877383240282114,0.2877383240282114,0.08279334311456399,0.018393528574046605
2022-05-18,123.32410677929688,ARIMA,123.19184930861688,123.21648761222,0.1322574706800026,0.1322574706800026,0.017492038550671746,0.011581885122320652
2022-05-19,123.30002612404554,ARIMA,123.34760389757798,123.32410677929688,-0.04757777353243853,0.04757777353243853,0.002263644534304008,0.0005798779573338438
2022-05-20,122.70442290651002,ARIMA,123.3028271096324,123.30002612404554,-0.5984042031223851,0.5984042031223851,0.3580875903145367,0.3547431927386713
2022-05-23,122.28638632014466,ARIMA,122.5145349833455,122.70442290651002,-0.22814866320084093,0.22814866320084093,0.05205181252033075,0.17475458754000356
2022-05-24,122.24230475147486,ARIMA,122.06714000724368,122.28638632014466,0.1751647442311821,0.1751647442311821,0.030682687621575448,0.0019431846963899365
2022-05-25,122.40844902667436,ARIMA,122.12991391255994,122.24230475147486,0.278535114114419,0.278535114114419,0.07758180979473242,0.027603920181567092
2022-05-26,122.61790922917878,ARIMA,122.41140641104413,122.40844902667436,0.206502818134652,0.206502818134652,0.042643413897553155,0.04387357643319128
2022-05-27,122.26528561924624,ARIMA,122.686455121468,122.61790922917878,-0.4211695022217583,0.4211695022217583,0.17738374960172368,0.12434341028185326
2022-05-30,122.14068354840342,ARIMA,122.18283577074634,122.26528561924624,-0.04215222234292071,0.04215222234292071,0.0017768098484470239,0.015525676058320666
2022-05-31,122.22367666403552,ARIMA,122.06375013580278,122.14068354840342,0.1599265282327451,0.1599265282327451,0.02557649443257902,0.006887857242324226
2022-06-01,121.8341880182428,ARIMA,122.21583732449056,122.22367666403552,-0.38164930624776616,0.38164930624776616,0.14565619295940122,0.1517014052014502
2022-06-02,121.68924588407629,ARIMA,121.70567917744164,121.8341880182428,-0.016433293365352597,0.016433293365352597,0.0002700531308317417,0.021008222256743432
2022-06-03,121.656094010026,ARIMA,121.58514588473577,121.68924588407629,0.07094812529022931,0.07094812529022931,0.005033636482198076,0.0010990467530462966
2022-06-06,121.542951075685,ARIMA,121.59880770185624,121.656094010026,-0.055856626171248536,0.055856626171248536,0.003119962687234607,0.012801323591291632
2022-06-07,121.10023862868675,ARIMA,121.48097092326194,121.542951075685,-0.3807322945751821,0.3807322945751821,0.14495708013248323,0.1959943107271722
2022-06-08,120.92791681470966,ARIMA,120.93038858357198,121.10023862868675,-0.0024717688623212553,0.0024717688623212553,6.109641308740913e-06,0.02969480757235554
2022-06-09,120.77870337868116,ARIMA,120.7965050861572,120.92791681470966,-0.01780170747603904,0.01780170747603904,0.0003169007890624643,0.022264649491432326
2022-06-10,120.67015315162882,ARIMA,120.67193183761285,120.77870337868116,-0.001778685984021422,0.001778685984021422,3.1637238297542543e-06,0.01178315179311316
2022-06-13,120.51745585488771,ARIMA,120.58747262871331,120.67015315162882,-0.0700167738255999,0.0700167738255999,0.004902348616945211,0.023316464432042532
2021-10-12,128.49303249595323,Random Forest,128.46105440623057,128.5462862516983,0.03197808972265648,0.03197808972265648,0.0010225982223102678,0.002835962500954614
2021-10-13,128.64453941518883,Random Forest,128.58613451002742,128.49303249595323,0.05840490516141017,0.05840490516141017,0.0034111329469133163,0.022954346576262892
2021-10-14,128.11971759051625,Random Forest,128.72359587078745,128.64453941518883,-0.6038782802712035,0.6038782802712035,0.3646689773833062,0.2754379476526621
2021-10-15,128.25799520797483,Random Forest,128.036680495799,128.11971759051625,0.22131471217582543,0.22131471217582543,0.04898020182546845,0.019120699490022562
2021-10-18,128.2495422344636,Random Forest,128.2167034526487,128.25799520797483,0.03283878181491673,0.03283878181491673,0.0010783855910877055,7.145276118148058e-05
2021-10-19,128.35474230458067,Random Forest,128.26981821137957,128.2495422344636,0.08492409320109573,0.08492409320109573,0.0072121016060283935,0.011067054752635206
2021-10-20,128.0566563579695,Random Forest,128.45162386149676,128.35474230458067,-0.39496750352725485,0.39496750352725485,0.15599932884255208,0.08885523156707534
2021-10-21,127.75026979389008,Random Forest,128.11386635884688,128.0566563579695,-0.3635965649567936,0.3635965649567936,0.13220246204837982,0.09387272664839111
2021-10-22,127.6498421923347,Random Forest,127.82069644217964,127.75026979389008,-0.17085424984493613,0.17085424984493613,0.029191174690075858,0.010085703154166431
2021-10-25,127.54588878728214,Random Forest,127.72877218821748,127.6498421923347,-0.1828834009353386,0.1828834009353386,0.03344633833767581,0.010806310422022555
2021-10-26,127.51330680065088,Random Forest,127.63318887474166,127.54588878728214,-0.119882074090782,0.119882074090782,0.014371711688307745,0.001061585852839417
2021-10-27,127.65575530667196,Random Forest,127.58304616170618,127.51330680065088,0.07270914496578484,0.07270914496578484,0.005286619761655516,0.02029157686763844
2021-10-28,127.27864658980435,Random Forest,127.71633991539794,127.65575530667196,-0.4376933255935853,0.4376933255935853,0.19157544726917228,0.14221098433753554
2021-10-29,127.3491281602696,Random Forest,127.25361732186938,127.27864658980435,0.0955108384002159,0.0955108384002159,0.009122320251912158,0.004967651775247649
2021-11-01,127.27070461902532,Random Forest,127.41968778425318,127.3491281602696,-0.14898316522786104,0.14898316522786104,0.022195983521312142,0.006150251821292794
2021-11-02,127.11086847804653,Random Forest,127.28217005871834,127.27070461902532,-0.171301580671809,0.171301580671809,0.02934423154066029,0.025547591962993853
2021-11-03,126.74969399004657,Random Forest,127.173356555064,127.11086847804653,-0.4236625650174375,0.4236625650174375,0.17948996899715444,0.13044701078203363
2021-11-04,126.7503302811134,Random Forest,126.7162329457412,126.74969399004657,0.03409733537220916,0.03409733537220916,0.0011626282794849059,4.0486632174044205e-07
2021-11-05,126.19934592058088,Random Forest,126.84056296488774,126.7503302811134,-0.6412170443068561,0.6412170443068561,0.4111592979096207,0.30358376555143485
2021-11-08,126.137452121954,Random Forest,126.09993443516628,126.19934592058088,0.03751768678772294,0.03751768678772294,0.0014075768219016802,0.003830842308465177
2021-11-09,125.78822912702186,Random Forest,126.20551989239978,126.137452121954,-0.41729076537791343,0.41729076537791343,0.1741315828696848,0.1219567001893694
2021-11-10,125.71113450193528,Random Forest,125.81636293193618,125.78822912702186,-0.10522843000090631,0.10522843000090631,0.01107302248045564,0.0059435812172415016
2021-11-11,125.67518417834792,Random Forest,125.83679648381217,125.71113450193528,-0.16161230546424576,0.16161230546424576,0.02611853727746868,0.0012924257660357132
2021-11-12,125.88354369957258,Random Forest,125.74860033208662,125.67518417834792,0.1349433674859597,0.1349433674859597,0.018209712428450764,0.043413690084971604
2021-11-15,125.85738155911687,Random Forest,125.95889569220309,125.88354369957258,-0.10151413308621215,0.10151413308621215,0.010305119216245193,0.0006844575932243196
2021-11-16,125.67484826875976,Random Forest,125.9212179970315,125.85738155911687,-0.24636972827174475,0.24636972827174475,0.060698043008693345,0.03331840208859439
2021-11-17,125.52073347609016,Random Forest,125.72464937584242,125.67484826875976,-0.20391589975226054,0.20391589975226054,0.04158169417177397,0.02375136931959463
2021-11-18,125.72610774290123,Random Forest,125.58960469295046,125.52073347609016,0.13650304995077533,0.13650304995077533,0.018633082645863865,0.04217858946818752
2021-11-19,125.84589069887384,Random Forest,125.78813710864172,125.72610774290123,0.05775359023212445,0.05775359023212445,0.003335477184700141,0.014347956541536283
2021-11-22,125.82960489561526,Random Forest,125.9613127155983,125.84589069887384,-0.13170781998303482,0.13170781998303482,0.017346949844683508,0.0002652273877772755
2021-11-23,125.8148358320822,Random Forest,125.92036885028986,125.82960489561526,-0.10553301820766592,0.10553301820766592,0.011137217932019546,0.00021812523764374507
2021-11-24,125.52540698375924,Random Forest,125.91452026119887,125.8148358320822,-0.389113277439634,0.389113277439634,0.15140914267981356,0.08376905824155262
2021-11-25,125.53519649187795,Random Forest,125.57591621236224,125.52540698375924,-0.04071972048429018,0.04071972048429018,0.001658095636318721,9.583446920638116e-05
2021-11-26,125.2148325439678,Random Forest,125.66270781374058,125.53519649187795,-0.4478752697727799,0.4478752697727799,0.2005922572740404,0.10263305912057893
2021-11-29,125.33057417195646,Random Forest,125.16643330742392,125.2148325439678,0.1641408645325413,0.1641408645325413,0.02694222340949007,0.013396124449464144
2021-11-30,125.4090530915111,Random Forest,125.45682380743682,125.33057417195646,-0.04777071592572213,0.04777071592572213,0.002282041300056042,0.006158940814463802
2021-12-01,125.95194464200983,Random Forest,125.53923880284984,125.4090530915111,0.41270583915999737,0.41270583915999737,0.17032610967675763,0.294731235602923
2021-12-02,125.88202903357862,Random Forest,126.11977467209972,125.95194464200983,-0.23774563852110475,0.23774563852110475,0.056522988635807805,0.0048881923023071875
2021-12-03,125.89510317829291,Random Forest,125.953603101748,125.88202903357862,-0.05849992345508781,0.05849992345508781,0.003422241044251133,0.00017093326001033427
2021-12-06,126.3068097856902,Random Forest,125.9740443954942,125.89510317829291,0.33276539019600193,0.33276539019600193,0.11073280491229742,0.16950233057458805
2021-12-07,126.67478398939792,Random Forest,126.47435891528364,126.3068097856902,0.20042507411427835,0.20042507411427835,0.04017021033371397,0.13540501459432885
2021-12-08,126.6177759664013,Random Forest,126.81908560489114,126.67478398939792,-0.20130963848984607,0.20130963848984607,0.04052557054891251,0.0032499146859839016
2021-12-09,126.70084776233368,Random Forest,126.71426678332466,126.6177759664013,-0.013419020990980357,0.013419020990980357,0.00018007012435637145,0.00690092327943156
2021-12-10,126.75835803678665,Random Forest,126.81458232280448,126.70084776233368,-0.056224286017837244,0.056224286017837244,0.0031611703382155684,0.0033074316676554574
2021-12-13,126.8557971141274,Random Forest,126.85926475101562,126.75835803678665,-0.0034676368882173847,0.0034676368882173847,1.2024505588525948e-05,0.009494373793017066
2021-12-14,126.82775490792328,Random Forest,126.98019424974048,126.8557971141274,-0.15243934181719965,0.15243934181719965,0.023237752933661034,0.0007863653287943683
2021-12-15,126.90075742225898,Random Forest,126.98915529744102,126.82775490792328,-0.08839787518203934,0.08839787518203934,0.007814184336699408,0.005329367099333831
2021-12-16,126.68804494625977,Random Forest,127.02985342422612,126.90075742225898,-0.34180847796635305,0.34180847796635305,0.11683303560967485,0.04524659744571508
2021-12-17,126.74584942164267,Random Forest,126.79113858998146,126.68804494625977,-0.04528916833878327,0.04528916833878327,0.0020511087688186488,0.003341357374293333
2021-12-20,126.94563147646882,Random Forest,126.94481983792215,126.74584942164267,0.0008116385466649945,0.0008116385466649945,6.587571304324644e-07,0.03991286943055657
2021-12-21,127.01441250085828,Random Forest,127.10075691932629,126.94563147646882,-0.086344418468002,0.086344418468002,0.007455358600577446,0.004730829316064314
2021-12-22,126.7860162445034,Random Forest,127.1474893911558,127.01441250085828,-0.3614731466524006,0.3614731466524006,0.1306628357507879,0.0521648499169259
2021-12-23,126.99557673162586,Random Forest,126.89325989608102,126.7860162445034,0.1023168355448405,0.1023168355448405,0.010468734835909937,0.043915597763002495
2021-12-24,127.20019964572856,Random Forest,127.1786092186434,126.99557673162586,0.021590427085158126,0.021590427085158126,0.0004661465417195296,0.041870536975880876
2021-12-27,127.181315992443,Random Forest,127.36655788772651,127.20019964572856,-0.18524189528351087,0.18524189528351087,0.034314559768227205,0.0003565923614090929
2021-12-28,127.18172813986878,Random Forest,127.3030862846194,127.181315992443,-0.12135814475061579,0.12135814475061579,0.014727799297311415,1.698655005747896e-07
2021-12-29,126.96903978891582,Random Forest,127.3148510014357,127.18172813986878,-0.3458112125198767,0.3458112125198767,0.11958539470446732,0.04523633463108911
2021-12-30,126.81008414928738,Random Forest,127.08299532309238,126.96903978891582,-0.2729111738049994,0.2729111738049994,0.07448050878762259,0.025266895369688094
2021-12-31,126.79865555148696,Random Forest,127.00846713235477,126.81008414928738,-0.20981158086780738,0.20981158086780738,0.04402089946624847,0.00013061284768371015
2022-01-03,127.15346711243852,Random Forest,126.99268722920762,126.79865555148696,0.16077988323090153,0.16077988323090153,0.02585017085174233,0.12589124378488295
2022-01-04,127.19167942915249,Random Forest,127.37954894582468,127.15346711243852,-0.18786951667219398,0.18786951667219398,0.03529495529464377,0.0014601811486485022
2022-01-05,127.42849029600433,Random Forest,127.36025767859516,127.19167942915249,0.06823261740916564,0.06823261740916564,0.004655690078505574,0.056079386659120024
2022-01-06,127.46628465053472,Random Forest,127.61586424327406,127.42849029600433,-0.14957959273934307,0.14957959273934307,0.022374054564067734,0.0014284132343688645
2022-01-07,127.6174784318244,Random Forest,127.56178939050992,127.46628465053472,0.05568904131447994,0.05568904131447994,0.0031012693225258535,0.022859559500670843
2022-01-10,127.69661543110814,Random Forest,127.70283950541884,127.6174784318244,-0.00622407431069405,0.00622407431069405,3.8739101025041613e-05,0.006262664655635837
2022-01-11,127.98340966242664,Random Forest,127.82263467599772,127.69661543110814,0.16077498642891896,0.16077498642891896,0.025848596261219076,0.08225093111756668
2022-01-12,128.0186389827304,Random Forest,128.19756233089575,127.98340966242664,-0.17892334816534117,0.17892334816534117,0.03201356451869589,0.001241105009065646
2022-01-13,127.78613259044984,Random Forest,128.09667468604206,128.0186389827304,-0.31054209559222556,0.31054209559222556,0.09643639313481096,0.054059222451326154
2022-01-14,127.5734571280227,Random Forest,127.98520918265989,127.78613259044984,-0.41175205463719067,0.41175205463719067,0.16953975449794806,0.045230852318599
2022-01-17,127.53222092683582,Random Forest,127.76325091559733,127.5734571280227,-0.23102998876150593,0.23102998876150593,0.05337485570714156,0.0017004242883245583
2022-01-18,127.33796122595308,Random Forest,127.6475521620682,127.53222092683582,-0.30959093611511435,0.30959093611511435,0.09584654772463282,0.03773683138705128
2022-01-19,127.47774349017384,Random Forest,127.47949527793396,127.33796122595308,-0.0017517877601278542,0.0017517877601278542,3.0687603565337645e-06,0.019539081390681185
2022-01-20,127.5308457129629,Random Forest,127.67590234089,127.47774349017384,-0.1450566279271044,0.1450566279271044,0.0210414253055824,0.0028198460651394424
2022-01-21,128.13512641545697,Random Forest,127.72140636367176,127.5308457129629,0.4137200517852051,0.4137200517852051,0.17116428124915278,0.3651551674067216
2022-01-24,128.02551060399054,Random Forest,128.36216397151395,128.13512641545697,-0.3366533675234109,0.3366533675234109,0.11333548986485278,0.012015626123443115
2022-01-25,128.1404787242117,Random Forest,128.160104528,128.02551060399054,-0.019625803788301255,0.019625803788301255,0.0003851721743368999,0.013217668667187989
2022-01-26,128.0150337946583,Random Forest,128.22897506249964,128.1404787242117,-0.21394126784133505,0.21394126784133505,0.04577086608555786,0.015736430350656465
2022-01-27,127.96214683405262,Random Forest,128.09351625350104,128.0150337946583,-0.1313694194484185,0.1313694194484185,0.01725792436621452,0.0027970306021078157
2022-01-28,128.0776443521668,Random Forest,128.1108772235916,127.96214683405262,-0.03323287142478648,0.03323287142478648,0.0011044237431363899,0.013339676690535842
2022-01-31,127.7323389587273,Random Forest,128.20752852140427,128.0776443521668,-0.47518956267697376,0.47518956267697376,0.22580512047713358,0.11923581473840993
2022-02-01,127.82350372564602,Random Forest,127.7541824936131,127.7323389587273,0.06932123203291951,0.06932123203291951,0.004805433210561866,0.00831101472734513
2022-02-02,128.32931076959616,Random Forest,128.0069613042117,127.82350372564602,0.3223494653844625,0.3223494653844625,0.1039091778336488,0.255840765709581
2022-02-03,128.41986441982064,Random Forest,128.53485232228493,128.32931076959616,-0.1149879024642928,0.1149879024642928,0.013222217713137715,0.00819996356897721
2022-02-04,128.5453649489203,Random Forest,128.47952503652493,128.41986441982064,0.06583991239537568,0.06583991239537568,0.004334894064230744,0.015750382804296564
2022-02-07,128.84682806674437,Random Forest,128.6125919995761,128.5453649489203,0.2342360671682684,0.2342360671682684,0.05486653516245754,0.09088001140820087
2022-02-08,128.95374889769974,Random Forest,129.01094764021568,128.84682806674437,-0.057198742515936374,0.057198742515936374,0.0032716961454043875,0.011432064092187751
2022-02-09,128.92715680451482,Random Forest,129.059995455297,128.95374889769974,-0.13283865078219037,0.13283865078219037,0.017646107141632728,0.000707139419955289
2022-02-10,128.52444839714644,Random Forest,129.01991329558203,128.92715680451482,-0.4954648984355856,0.4954648984355856,0.24548546558178516,0.16217406136517673
2022-02-11,128.64341513952715,Random Forest,128.47618625646666,128.52444839714644,0.16722888306048844,0.16722888306048844,0.027965499329658517,0.014153085792677409
2022-02-14,128.6975706392,Random Forest,128.75914448078018,128.64341513952715,-0.06157384158018431,0.06157384158018431,0.003791337966941634,0.0029328181448155205
2022-02-15,128.5530915501023,Random Forest,128.80150878208002,128.6975706392,-0.2484172319777258,0.2484172319777258,0.06171112114347524,0.020874207186501237
2022-02-16,128.61214116546702,Random Forest,128.68682544394775,128.5530915501023,-0.07468427848073134,0.07468427848073134,0.00557774145218743,0.0034868570747223176
2022-02-17,128.55208343418815,Random Forest,128.73832404305716,128.61214116546702,-0.1862406088690136,0.1862406088690136,0.03468556439190091,0.003606931086365485
2022-02-18,128.48859641092554,Random Forest,128.64423085712954,128.55208343418815,-0.15563444620400446,0.15563444620400446,0.02422208084522716,0.004030602122747172
2022-02-21,128.6482827463012,Random Forest,128.59770051157668,128.48859641092554,0.05058223472451573,0.05058223472451573,0.002558562469726005,0.025499725705705606
2022-02-22,128.43167088450696,Random Forest,128.73772469868553,128.6482827463012,-0.3060538141785685,0.3060538141785685,0.09366893717324971,0.04692069866996456
2022-02-23,128.62628442518044,Random Forest,128.52029656774255,128.43167088450696,0.10598785743789563,0.10598785743789563,0.011233425924275687,0.0378744302134709
2022-02-24,128.44863873042834,Random Forest,128.74261714050698,128.62628442518044,-0.2939784100786369,0.2939784100786369,0.0864233055923632,0.031557992863956726
2022-02-25,128.28759723365283,Random Forest,128.5493537504116,128.44863873042834,-0.26175651675876566,0.26175651675876566,0.06851647406568197,0.025934363683696757
2022-02-28,128.62391827775704,Random Forest,128.3363063920936,128.28759723365283,0.28761188566343776,0.28761188566343776,0.08272059677487839,0.11311184470734592
2022-03-01,128.90164780240707,Random Forest,128.729302451409,128.62391827775704,0.17234535099805726,0.17234535099805726,0.029702920010643556,0.07713368886233013
2022-03-02,128.9954474539081,Random Forest,129.04311424643012,128.90164780240707,-0.04766679252202266,0.04766679252202266,0.0022721231093375555,0.008798374621714634
2022-03-03,128.8407584112254,Random Forest,129.0780957062875,128.9954474539081,-0.23733729506210466,0.23733729506210466,0.056328991627396525,0.023928699926087264
2022-03-04,128.71151625495364,Random Forest,128.92927942862508,128.8407584112254,-0.21776317367144316,0.21776317367144316,0.04742079980745911,0.016703534957777145
2022-03-07,128.73035543100548,Random Forest,128.78040663375953,128.71151625495364,-0.05005120275404806,0.05005120275404806,0.0025051228971268284,0.00035491455431227366
2022-03-08,128.68975640990834,Random Forest,128.78804447002494,128.73035543100548,-0.09828806011660163,0.09828806011660163,0.009660542761484696,0.0016482805140457554
2022-03-09,128.6687999695544,Random Forest,128.80497508627766,128.68975640990834,-0.13617511672325122,0.13617511672325122,0.018543662414591093,0.0004391723923077218
2022-03-10,128.6829279818966,Random Forest,128.7729863307931,128.6687999695544,-0.09005834889649122,0.09005834889649122,0.008110506205962141,0.0001996007327408932
2022-03-11,128.60942985804718,Random Forest,128.74485302147437,128.6829279818966,-0.13542316342719118,0.13542316342719118,0.018339433192627732,0.005401974209384469
2022-03-14,128.28371404743885,Random Forest,128.6806468683024,128.60942985804718,-0.3969328208635545,0.3969328208635545,0.15755566427869866,0.10609078928024121
2022-03-15,128.08108145076554,Random Forest,128.3322125857826,128.28371404743885,-0.2511311350170615,0.2511311350170615,0.06306684697495758,0.04105996923456878
2022-03-16,128.18239144027385,Random Forest,128.1446930715256,128.08108145076554,0.037698368748237954,0.037698368748237954,0.001421167006278124,0.010263713974173623
2022-03-17,127.8952282986222,Random Forest,128.25249584787937,128.18239144027385,-0.3572675492571733,0.3572675492571733,0.12764010175222676,0.08246266992324358
2022-03-18,127.79721684754873,Random Forest,127.9843451246377,127.8952282986222,-0.1871282770889735,0.1871282770889735,0.03501699208628765,0.0096062445415282
2022-03-21,127.615263881894,Random Forest,127.92474375462378,127.79721684754873,-0.3094798727297814,0.3094798727297814,0.0957777916248417,0.03310688171055146
2022-03-22,127.55540778121126,Random Forest,127.68230762996834,127.615263881894,-0.12689984875707694,0.12689984875707694,0.016103571614569,0.0035827527889419155
2022-03-23,127.460992862193,Random Forest,127.6766310916517,127.55540778121126,-0.2156382294587047,0.2156382294587047,0.04649984600408498,0.008914176933225127
2022-03-24,127.69175474247022,Random Forest,127.5453003979702,127.460992862193,0.1464543445000288,0.1464543445000288,0.02144887502293312,0.053251045389081805
2022-03-25,127.82410583623292,Random Forest,127.7783640929966,127.69175474247022,0.045741743236320076,0.045741743236320076,0.0020923070742974335,0.017516812020181283
2022-03-28,127.53259850578156,Random Forest,127.89810288141652,127.82410583623292,-0.36550437563495564,0.36550437563495564,0.13359344860829875,0.08497652370687413
2022-03-29,127.55394695019832,Random Forest,127.5805372325422,127.53259850578156,-0.02659028234387506,0.02659028234387506,0.0007070431151269937,0.0004557560790154525
2022-03-30,127.35001232409996,Random Forest,127.61982518749572,127.55394695019832,-0.2698128633957566,0.2698128633957566,0.07279898125381722,0.04158933172187758
2022-03-31,127.1935583445198,Random Forest,127.45288597789984,127.35001232409996,-0.25932763338003895,0.25932763338003895,0.06725082143449189,0.02447784772647025
2022-04-01,127.17506161568429,Random Forest,127.27509170095676,127.1935583445198,-0.10003008527247914,0.10003008527247914,0.010006017959619449,0.0003421289776145847
2022-04-04,126.98883774688474,Random Forest,127.27234320180928,127.17506161568429,-0.28350545492453705,0.28350545492453705,0.0803753429719687,0.0346793293106699
2022-04-05,127.07660160709382,Random Forest,127.05539970815131,126.98883774688474,0.02120189894250757,0.02120189894250757,0.00044952051876830356,0.007702495158798897
2022-04-06,126.85628710911791,Random Forest,127.18066952878648,127.07660160709382,-0.3243824196685665,0.3243824196685665,0.10522395419003401,0.04853847801837547
2022-04-07,126.60025662235692,Random Forest,126.91936002629544,126.85628710911791,-0.319103403938513,0.319103403938513,0.10182698240514579,0.06555161015107024
2022-04-08,126.35504649687174,Random Forest,126.67018608055616,126.60025662235692,-0.3151395836844273,0.3151395836844273,0.09931295720479415,0.06012800564046107
2022-04-11,126.11021838793394,Random Forest,126.41477592090324,126.35504649687174,-0.304557532969298,0.304557532969298,0.09275529088834504,0.05994080292605717
2022-04-12,126.20114894281356,Random Forest,126.16404031010916,126.11021838793394,0.03710863270440257,0.03710863270440257,0.0013770506211902558,0.008268365810715541
2022-04-13,126.25777519713392,Random Forest,126.30176483637048,126.20114894281356,-0.043989639236556854,0.043989639236556854,0.0019350883601624224,0.003206532678354486
2022-04-14,126.52828897371846,Random Forest,126.33977534511324,126.25777519713392,0.18851362860522158,0.18851362860522158,0.03553738816990742,0.07317770332202851
2022-04-15,126.95311026723834,Random Forest,126.636345076187,126.52828897371846,0.3167651910513456,0.3167651910513456,0.10034018626179547,0.1804731314279071
2022-04-18,126.70026296817812,Random Forest,126.9102862982956,126.95311026723834,-0.21002333011747965,0.21002333011747965,0.044109799193635835,0.06393175664204888
2022-04-19,126.58272209368646,Random Forest,126.7474506916873,126.70026296817812,-0.16472859800084905,0.16472859800084905,0.02713551099932533,0.013815857176265723
2022-04-20,126.20865273483324,Random Forest,126.52414679056146,126.58272209368646,-0.3154940557282231,0.3154940557282231,0.09953649919984314,0.13992788523285876
2022-04-21,125.85266301221114,Random Forest,126.025848930568,126.20865273483324,-0.17318591835686448,0.17318591835686448,0.029993362317110528,0.12672868261255846
2022-04-22,125.55651175412184,Random Forest,125.75066715502874,125.85266301221114,-0.19415540090689376,0.19415540090689376,0.03769631970131664,0.08770556766787267
2022-04-25,125.18897136963426,Random Forest,125.56730797687976,125.55651175412184,-0.378336607245501,0.378336607245501,0.14313858838203647,0.1350859342292804
2022-04-26,124.79203782952128,Random Forest,125.05293949244997,125.18897136963426,-0.26090166292868844,0.26090166292868844,0.06806967771895496,0.1575562352666247
2022-04-27,124.60079004928708,Random Forest,124.69804123996786,124.79203782952128,-0.09725119068077959,0.09725119068077959,0.00945779408882935,0.036575713444506004
2022-04-28,124.19245445901691,Random Forest,124.4505506135728,124.60079004928708,-0.2580961545558864,0.2580961545558864,0.066613624996536,0.16673795428128796
2022-04-29,124.17107440744688,Random Forest,124.04709071553994,124.19245445901691,0.12398369190694325,0.12398369190694325,0.015371955858875824,0.00045710660513732175
2022-05-02,123.87162373847424,Random Forest,124.12627689864824,124.17107440744688,-0.2546531601740014,0.2546531601740014,0.06484823198660562,0.08967070314816118
2022-05-03,124.2730356250622,Random Forest,123.88012880802282,123.87162373847424,0.392906817039389,0.392906817039389,0.15437576687602392,0.16113150269410945
2022-05-04,124.16935784046528,Random Forest,124.39541522261614,124.2730356250622,-0.2260573821508558,0.2260573821508558,0.05110194002489806,0.010749083018926471
2022-05-05,124.04419916876418,Random Forest,124.11035903618308,124.16935784046528,-0.06615986741890367,0.06615986741890367,0.004377128056886912,0.015664693101983942
2022-05-06,123.67667911534012,Random Forest,124.11196998048152,124.04419916876418,-0.4352908651413969,0.4352908651413969,0.1894781372755458,0.13507098966882303
2022-05-09,123.8486807669864,Random Forest,123.59677449177346,123.67667911534012,0.25190627521294573,0.25190627521294573,0.06345677149166036,0.029584568169049443
2022-05-10,123.97327090191752,Random Forest,123.7475926148829,123.8486807669864,0.22567828703461146,0.22567828703461146,0.050930689238876475,0.015522701722152484
2022-05-11,123.92379661725433,Random Forest,123.87152168015106,123.97327090191752,0.05227493710326314,0.05227493710326314,0.0027326690491501176,0.0024477048429344377
2022-05-12,123.55112317592172,Random Forest,123.99662937828955,123.92379661725433,-0.445506202367838,0.445506202367838,0.19847577634821303,0.13888549387468918
2022-05-13,123.4227245292654,Random Forest,123.47248015205712,123.55112317592172,-0.04975562279172152,0.04975562279172152,0.002475621999392078,0.016486212463175044
2022-05-16,123.08086486864782,Random Forest,123.48459420432827,123.4227245292654,-0.40372933568045255,0.40372933568045255,0.16299737648897952,0.11686802755756188
2022-05-17,123.21648761222,Random Forest,123.11328997948422,123.08086486864782,0.1031976327357853,0.1031976327357853,0.010649751402270027,0.018393528574046605
2022-05-18,123.32410677929688,Random Forest,123.3141956576032,123.21648761222,0.009911121693690461,0.009911121693690461,9.823033322714168e-05,0.011581885122320652
2022-05-19,123.30002612404554,Random Forest,123.42667507867942,123.32410677929688,-0.12664895463387893,0.12664895463387893,0.01603995770985432,0.0005798779573338438
2022-05-20,122.70442290651002,Random Forest,123.341564342604,123.30002612404554,-0.6371414360939838,0.6371414360939838,0.405949209587904,0.3547431927386713
2022-05-23,122.28638632014466,Random Forest,122.54070111932164,122.70442290651002,-0.2543147991769814,0.2543147991769814,0.06467601708042839,0.17475458754000356
2022-05-24,122.24230475147486,Random Forest,122.14608713539477,122.28638632014466,0.09621761608009649,0.09621761608009649,0.009257829644136843,0.0019431846963899365
2022-05-25,122.40844902667436,Random Forest,122.33381526081772,122.24230475147486,0.07463376585664605,0.07463376585664605,0.005570199005944665,0.027603920181567092
2022-05-26,122.61790922917878,Random Forest,122.48948696472289,122.40844902667436,0.12842226445589233,0.12842226445589233,0.016492278007979148,0.04387357643319128
2022-05-27,122.26528561924624,Random Forest,122.72148982832948,122.61790922917878,-0.4562042090832392,0.4562042090832392,0.20812228038526384,0.12434341028185326
2022-05-30,122.14068354840342,Random Forest,122.13636493767385,122.26528561924624,0.0043186107295696274,0.0043186107295696274,1.865039863355391e-05,0.015525676058320666
2022-05-31,122.22367666403552,Random Forest,122.19146414612108,122.14068354840342,0.032212517914445016,0.032212517914445016,0.001037646310388441,0.006887857242324226
2022-06-01,121.8341880182428,Random Forest,122.3229603712798,122.22367666403552,-0.4887723530370067,0.4887723530370067,0.23889841309333235,0.1517014052014502
2022-06-02,121.68924588407629,Random Forest,121.77814883844292,121.8341880182428,-0.08890295436663109,0.08890295436663109,0.00790373529511529,0.021008222256743432
2022-06-03,121.656094010026,Random Forest,121.759890758021,121.68924588407629,-0.10379674799500549,0.10379674799500549,0.010773764894338676,0.0010990467530462966
2022-06-06,121.542951075685,Random Forest,121.74020570777758,121.656094010026,-0.1972546320925801,0.1972546320925801,0.03890938988197913,0.012801323591291632
2022-06-07,121.10023862868675,Random Forest,121.61523627804922,121.542951075685,-0.5149976493624706,0.5149976493624706,0.26522257884887024,0.1959943107271722
2022-06-08,120.92791681470966,Random Forest,121.03761225093652,121.10023862868675,-0.10969543622685762,0.10969543622685762,0.012033088729000588,0.02969480757235554
2022-06-09,120.77870337868116,Random Forest,120.9948338982013,120.92791681470966,-0.21613051952014928,0.21613051952014928,0.04671240146804963,0.022264649491432326
2022-06-10,120.67015315162882,Random Forest,120.83645825464642,120.77870337868116,-0.16630510301759216,0.16630510301759216,0.02765738728969194,0.01178315179311316
2022-06-13,120.51745585488771,Random Forest,120.74418552668249,120.67015315162882,-0.22672967179477155,0.22672967179477155,0.05140634407216482,0.023316464432042532
2021-10-12,128.49303249595323,Random Forest (random search),128.5100330507539,128.5462862516983,-0.017000554800659984,0.017000554800659984,0.00028901886353024323,0.002835962500954614
2021-10-13,128.64453941518883,Random Forest (random search),128.5362608043652,128.49303249595323,0.10827861082361778,0.10827861082361778,0.011724257561892479,0.022954346576262892
2021-10-14,128.11971759051625,Random Forest (random search),128.68020703588917,128.64453941518883,-0.560489445372923,0.560489445372923,0.31414841837444685,0.2754379476526621
2021-10-15,128.25799520797483,Random Forest (random search),128.05090241994097,128.11971759051625,0.20709278803386155,0.20709278803386155,0.04288742285563791,0.019120699490022562
2021-10-18,128.2495422344636,Random Forest (random search),128.2318590317558,128.25799520797483,0.01768320270781487,0.01768320270781487,0.0003126956580056712,7.145276118148058e-05
2021-10-19,128.35474230458067,Random Forest (random search),128.23779983283578,128.2495422344636,0.11694247174489192,0.11694247174489192,0.013675541697804845,0.011067054752635206
2021-10-20,128.0566563579695,Random Forest (random search),128.39990538543927,128.35474230458067,-0.34324902746976704,0.34324902746976704,0.11781989485894089,0.08885523156707534
2021-10-21,127.75026979389008,Random Forest (random search),128.0708370943132,128.0566563579695,-0.3205673004231073,0.3205673004231073,0.10276339410055875,0.09387272664839111
2021-10-22,127.6498421923347,Random Forest (random search),127.77361697308586,127.75026979389008,-0.12377478075116244,0.12377478075116244,0.015320196349998332,0.010085703154166431
2021-10-25,127.54588878728214,Random Forest (random search),127.6762218119194,127.6498421923347,-0.1303330246372667,0.1303330246372667,0.016986697311098368,0.010806310422022555
2021-10-26,127.51330680065088,Random Forest (random search),127.57045066091597,127.54588878728214,-0.05714386026508578,0.05714386026508578,0.003265420765995649,0.001061585852839417
2021-10-27,127.65575530667196,Random Forest (random search),127.52729519971568,127.51330680065088,0.12846010695628252,0.12846010695628252,0.016501999079219544,0.02029157686763844
2021-10-28,127.27864658980435,Random Forest (random search),127.69468606220406,127.65575530667196,-0.41603947239970296,0.41603947239970296,0.1730888425946232,0.14221098433753554
2021-10-29,127.3491281602696,Random Forest (random search),127.23889506401974,127.27864658980435,0.110233096249857,0.110233096249857,0.012151335508830238,0.004967651775247649
2021-11-01,127.27070461902532,Random Forest (random search),127.36901087663588,127.3491281602696,-0.09830625761055956,0.09830625761055956,0.009664120285393698,0.006150251821292794
2021-11-02,127.11086847804653,Random Forest (random search),127.24846855556244,127.27070461902532,-0.13760007751591274,0.13760007751591274,0.018933781332385196,0.025547591962993853
2021-11-03,126.74969399004657,Random Forest (random search),127.1455864617468,127.11086847804653,-0.3958924717002361,0.3958924717002361,0.15673084914892224,0.13044701078203363
2021-11-04,126.7503302811134,Random Forest (random search),126.69612708164966,126.74969399004657,0.054203199463742635,0.054203199463742635,0.00293798683210627,4.0486632174044205e-07
2021-11-05,126.19934592058088,Random Forest (random search),126.7865968913166,126.7503302811134,-0.5872509707357239,0.5872509707357239,0.34486370263005,0.30358376555143485
2021-11-08,126.137452121954,Random Forest (random search),126.10506776635944,126.19934592058088,0.032384355594558656,0.032384355594558656,0.0010487464872748224,0.003830842308465177
2021-11-09,125.78822912702186,Random Forest (random search),126.14387650136152,126.137452121954,-0.35564737433965377,0.35564737433965377,0.1264850548746898,0.1219567001893694
2021-11-10,125.71113450193528,Random Forest (random search),125.76680074801958,125.78822912702186,-0.05566624608430004,0.05566624608430004,0.00309873095311785,0.0059435812172415016
2021-11-11,125.67518417834792,Random Forest (random search),125.75458152478964,125.71113450193528,-0.07939734644172347,0.07939734644172347,0.0063039386219870585,0.0012924257660357132
2021-11-12,125.88354369957258,Random Forest (random search),125.68254437038895,125.67518417834792,0.20099932918363095,0.20099932918363095,0.04040073033226964,0.043413690084971604
2021-11-15,125.85738155911687,Random Forest (random search),125.93704371210248,125.88354369957258,-0.07966215298560542,0.07966215298560542,0.006346058618302002,0.0006844575932243196
2021-11-16,125.67484826875976,Random Forest (random search),125.88090968019328,125.85738155911687,-0.20606141143352374,0.20606141143352374,0.04246130528197595,0.03331840208859439
2021-11-17,125.52073347609016,Random Forest (random search),125.6989146162667,125.67484826875976,-0.17818114017654807,0.17818114017654807,0.03174851871461467,0.02375136931959463
2021-11-18,125.72610774290123,Random Forest (random search),125.53930472646528,125.52073347609016,0.18680301643595953,0.18680301643595953,0.03489536694957337,0.04217858946818752
2021-11-19,125.84589069887384,Random Forest (random search),125.77807066815257,125.72610774290123,0.06782003072127907,0.06782003072127907,0.004599556567035237,0.014347956541536283
2021-11-22,125.82960489561526,Random Forest (random search),125.9529011139164,125.84589069887384,-0.12329621830113524,0.12329621830113524,0.015201957447361197,0.0002652273877772755
2021-11-23,125.8148358320822,Random Forest (random search),125.91870940473306,125.82960489561526,-0.10387357265086905,0.10387357265086905,0.010789719095255371,0.00021812523764374507
2021-11-24,125.52540698375924,Random Forest (random search),125.89983041063267,125.8148358320822,-0.37442342687343455,0.37442342687343455,0.14019290259164618,0.08376905824155262
2021-11-25,125.53519649187795,Random Forest (random search),125.55551943780216,125.52540698375924,-0.020322945924206692,0.020322945924206692,0.0004130221310382294,9.583446920638116e-05
2021-11-26,125.2148325439678,Random Forest (random search),125.62355924830028,125.53519649187795,-0.40872670433248004,0.40872670433248004,0.16705751883449055,0.10263305912057893
2021-11-29,125.33057417195646,Random Forest (random search),125.25034822495373,125.2148325439678,0.08022594700273089,0.08022594700273089,0.006436202572484986,0.013396124449464144
2021-11-30,125.4090530915111,Random Forest (random search),125.43551425324804,125.33057417195646,-0.026461161736946792,0.026461161736946792,0.0007001930804688569,0.006158940814463802
2021-12-01,125.95194464200983,Random Forest (random search),125.51069759023244,125.4090530915111,0.4412470517773954,0.4412470517773954,0.1946989607022435,0.294731235602923
2021-12-02,125.88202903357862,Random Forest (random search),126.0809723914901,125.95194464200983,-0.19894335791148876,0.19894335791148876,0.03957845965709872,0.0048881923023071875
2021-12-03,125.89510317829291,Random Forest (random search),125.945186375133,125.88202903357862,-0.05008319684009166,0.05008319684009166,0.0025083266057233673,0.00017093326001033427
2021-12-06,126.3068097856902,Random Forest (random search),125.96949708762446,125.89510317829291,0.3373126980657446,0.3373126980657446,0.11377985627639219,0.16950233057458805
2021-12-07,126.67478398939792,Random Forest (random search),126.41890898349956,126.3068097856902,0.25587500589836054,0.25587500589836054,0.06547201864348604,0.13540501459432885
2021-12-08,126.6177759664013,Random Forest (random search),126.75525160753789,126.67478398939792,-0.1374756411365894,0.1374756411365894,0.018899551905916308,0.0032499146859839016
2021-12-09,126.70084776233368,Random Forest (random search),126.6966152836992,126.6177759664013,0.004232478634477843,0.004232478634477843,1.7913875391311427e-05,0.00690092327943156
2021-12-10,126.75835803678665,Random Forest (random search),126.8003773833737,126.70084776233368,-0.042019346587053974,0.042019346587053974,0.0017656254876029643,0.0033074316676554574
2021-12-13,126.8557971141274,Random Forest (random search),126.84089804063125,126.75835803678665,0.014899073496152937,0.014899073496152937,0.0002219823910437669,0.009494373793017066
2021-12-14,126.82775490792328,Random Forest (random search),126.9994041661852,126.8557971141274,-0.17164925826192245,0.17164925826192245,0.029463467861868153,0.0007863653287943683
2021-12-15,126.90075742225898,Random Forest (random search),126.96244573853248,126.82775490792328,-0.061688316273503574,0.061688316273503574,0.0038054483646598057,0.005329367099333831
2021-12-16,126.68804494625977,Random Forest (random search),127.02758163769656,126.90075742225898,-0.3395366914367912,0.3395366914367912,0.11528516483184277,0.04524659744571508
2021-12-17,126.74584942164267,Random Forest (random search),126.76716802617526,126.68804494625977,-0.021318604532581276,0.021318604532581276,0.00045448289921659493,0.003341357374293333
2021-12-20,126.94563147646882,Random Forest (random search),126.8972359762474,126.74584942164267,0.048395500221417365,0.048395500221417365,0.002342124441681208,0.03991286943055657
2021-12-21,127.01441250085828,Random Forest (random search),127.07577396472148,126.94563147646882,-0.061361463863192967,0.061361463863192967,0.0037652292474339363,0.004730829316064314
2021-12-22,126.7860162445034,Random Forest (random search),127.13212197286234,127.01441250085828,-0.3461057283589355,0.3461057283589355,0.11978917520286925,0.0521648499169259
2021-12-23,126.99557673162586,Random Forest (random search),126.86757998724168,126.7860162445034,0.12799674438417696,0.12799674438417696,0.016383166572948336,0.043915597763002495
2021-12-24,127.20019964572856,Random Forest (random search),127.15433991033886,126.99557673162586,0.045859735389697676,0.045859735389697676,0.0021031153300130894,0.041870536975880876
2021-12-27,127.181315992443,Random Forest (random search),127.35533688515278,127.20019964572856,-0.17402089270977683,0.17402089270977683,0.03028327109950766,0.0003565923614090929
2021-12-28,127.18172813986878,Random Forest (random search),127.28494626787756,127.181315992443,-0.10321812800877694,0.10321812800877694,0.010653981949636264,1.698655005747896e-07
2021-12-29,126.96903978891582,Random Forest (random search),127.28893943834444,127.18172813986878,-0.3198996494286206,0.3198996494286206,0.10233578570455436,0.04523633463108911
2021-12-30,126.81008414928738,Random Forest (random search),127.04981284191044,126.96903978891582,-0.23972869262306062,0.23972869262306062,0.05746984606676188,0.025266895369688094
2021-12-31,126.79865555148696,Random Forest (random search),126.93644901339148,126.81008414928738,-0.13779346190452202,0.13779346190452202,0.01898703814363296,0.00013061284768371015
2022-01-03,127.15346711243852,Random Forest (random search),126.94014415449698,126.79865555148696,0.21332295794154277,0.21332295794154277,0.045506684384929226,0.12589124378488295
2022-01-04,127.19167942915249,Random Forest (random search),127.32898213928512,127.15346711243852,-0.13730271013263007,0.13730271013263007,0.018852034209765035,0.0014601811486485022
2022-01-05,127.42849029600433,Random Forest (random search),127.31946862210268,127.19167942915249,0.10902167390165118,0.10902167390165118,0.011885725380317971,0.056079386659120024
2022-01-06,127.46628465053472,Random Forest (random search),127.59811049289812,127.42849029600433,-0.13182584236339778,0.13182584236339778,0.017378052714819403,0.0014284132343688645
2022-01-07,127.6174784318244,Random Forest (random search),127.57277045551524,127.46628465053472,0.04470797630915513,0.04470797630915513,0.0019988031456599762,0.022859559500670843
2022-01-10,127.69661543110814,Random Forest (random search),127.7114356874082,127.6174784318244,-0.014820256300055235,0.014820256300055235,0.00021963999679932688,0.006262664655635837
2022-01-11,127.98340966242664,Random Forest (random search),127.82809941598576,127.69661543110814,0.15531024644087665,0.15531024644087665,0.02412127264952584,0.08225093111756668
2022-01-12,128.0186389827304,Random Forest (random search),128.1517236488958,127.98340966242664,-0.13308466616538794,0.13308466616538794,0.017711528368352755,0.001241105009065646
2022-01-13,127.78613259044984,Random Forest (random search),128.10640418484746,128.0186389827304,-0.3202715943976244,0.3202715943976244,0.10257389417799645,0.054059222451326154
2022-01-14,127.5734571280227,Random Forest (random search),127.90762073620112,127.78613259044984,-0.3341636081784287,0.3341636081784287,0.11166531703082644,0.045230852318599
2022-01-17,127.53222092683582,Random Forest (random search),127.68632975096126,127.5734571280227,-0.15410882412544424,0.15410882412544424,0.023749529673327104,0.0017004242883245583
2022-01-18,127.33796122595308,Random Forest (random search),127.62609555317675,127.53222092683582,-0.2881343272236734,0.2881343272236734,0.08302139052463889,0.03773683138705128
2022-01-19,127.47774349017384,Random Forest (random search),127.43407801850712,127.33796122595308,0.04366547166671353,0.04366547166671353,0.001906673415876562,0.019539081390681185
2022-01-20,127.5308457129629,Random Forest (random search),127.63727402301149,127.47774349017384,-0.10642831004858522,0.10642831004858522,0.011326985179797786,0.0028198460651394424
2022-01-21,128.13512641545697,Random Forest (random search),127.67122354729491,127.5308457129629,0.4639028681620516,0.4639028681620516,0.21520587108897785,0.3651551674067216
2022-01-24,128.02551060399054,Random Forest (random search),128.31886573148887,128.13512641545697,-0.29335512749833015,0.29335512749833015,0.08605723082956154,0.012015626123443115
2022-01-25,128.1404787242117,Random Forest (random search),128.14580992129106,128.02551060399054,-0.005331197079357253,0.005331197079357253,2.84216622989473e-05,0.013217668667187989
2022-01-26,128.0150337946583,Random Forest (random search),128.2405830209095,128.1404787242117,-0.22554922625118934,0.22554922625118934,0.050872453462510195,0.015736430350656465
2022-01-27,127.96214683405262,Random Forest (random search),128.09675122174627,128.0150337946583,-0.13460438769365624,0.13460438769365624,0.018118341186384113,0.0027970306021078157
2022-01-28,128.0776443521668,Random Forest (random search),128.07871433509078,127.96214683405262,-0.001069982923979751,0.001069982923979751,1.1448634576082575e-06,0.013339676690535842
2022-01-31,127.7323389587273,Random Forest (random search),128.21617734874607,128.0776443521668,-0.48383839001877504,0.48383839001877504,0.23409958765596028,0.11923581473840993
2022-02-01,127.82350372564602,Random Forest (random search),127.81300811521686,127.7323389587273,0.010495610429160251,0.010495610429160251,0.00011015783828069744,0.00831101472734513
2022-02-02,128.32931076959616,Random Forest (random search),127.96849199835108,127.82350372564602,0.36081877124507855,0.36081877124507855,0.13019018568280832,0.255840765709581
2022-02-03,128.41986441982064,Random Forest (random search),128.48950410439656,128.32931076959616,-0.06963968457591818,0.06963968457591818,0.0048496856678333766,0.00819996356897721
2022-02-04,128.5453649489203,Random Forest (random search),128.506696629535,128.41986441982064,0.03866831938529458,0.03866831938529458,0.0014952389240831486,0.015750382804296564
2022-02-07,128.84682806674437,Random Forest (random search),128.63754683123585,128.5453649489203,0.20928123550851296,0.20928123550851296,0.04379863553596967,0.09088001140820087
2022-02-08,128.95374889769974,Random Forest (random search),128.98196233185715,128.84682806674437,-0.028213434157407846,0.028213434157407846,0.0007959978669543878,0.011432064092187751
2022-02-09,128.92715680451482,Random Forest (random search),129.0636915068997,128.95374889769974,-0.1365347023848642,0.1365347023848642,0.018641724955323444,0.000707139419955289
2022-02-10,128.52444839714644,Random Forest (random search),129.02394286048545,128.92715680451482,-0.4994944633390048,0.4994944633390048,0.24949471890632044,0.16217406136517673
2022-02-11,128.64341513952715,Random Forest (random search),128.5650592212298,128.52444839714644,0.07835591829734767,0.07835591829734767,0.006139649932220623,0.014153085792677409
2022-02-14,128.6975706392,Random Forest (random search),128.7567062678665,128.64341513952715,-0.05913562866649613,0.05913562866649613,0.003497022577781719,0.0029328181448155205
2022-02-15,128.5530915501023,Random Forest (random search),128.79016135092257,128.6975706392,-0.2370698008202794,0.2370698008202794,0.05620209046096695,0.020874207186501237
2022-02-16,128.61214116546702,Random Forest (random search),128.65221491710545,128.5530915501023,-0.04007375163843108,0.04007375163843108,0.0016059055703786574,0.0034868570747223176
2022-02-17,128.55208343418815,Random Forest (random search),128.7036847180423,128.61214116546702,-0.1516012838541485,0.1516012838541485,0.02298294926622611,0.003606931086365485
2022-02-18,128.48859641092554,Random Forest (random search),128.63000790055784,128.55208343418815,-0.1414114896323042,0.1414114896323042,0.01999720940002728,0.004030602122747172
2022-02-21,128.6482827463012,Random Forest (random search),128.57157461439485,128.48859641092554,0.07670813190634362,0.07670813190634362,0.005884137500561013,0.025499725705705606
2022-02-22,128.43167088450696,Random Forest (random search),128.73300088527137,128.6482827463012,-0.3013300007644091,0.3013300007644091,0.09079976936067878,0.04692069866996456
2022-02-23,128.62628442518044,Random Forest (random search),128.47799079411053,128.43167088450696,0.14829363106991877,0.14829363106991877,0.02199100101590118,0.0378744302134709
2022-02-24,128.44863873042834,Random Forest (random search),128.7342991947772,128.62628442518044,-0.28566046434886516,0.28566046434886516,0.08160190089200926,0.031557992863956726
2022-02-25,128.28759723365283,Random Forest (random search),128.4935389740487,128.44863873042834,-0.20594174039587188,0.20594174039587188,0.04241200043728069,0.025934363683696757
2022-02-28,128.62391827775704,Random Forest (random search),128.3063867056022,128.28759723365283,0.3175315721548486,0.3175315721548486,0.10082629931512983,0.11311184470734592
2022-03-01,128.90164780240707,Random Forest (random search),128.67764755504714,128.62391827775704,0.22400024735992474,0.22400024735992474,0.050176110817307475,0.07713368886233013
2022-03-02,128.9954474539081,Random Forest (random search),129.00990769058333,128.90164780240707,-0.014460236675233773,0.014460236675233773,0.00020909844470377587,0.008798374621714634
2022-03-03,128.8407584112254,Random Forest (random search),129.06326108046264,128.9954474539081,-0.2225026692372296,0.2225026692372296,0.049507437817692006,0.023928699926087264
2022-03-04,128.71151625495364,Random Forest (random search),128.89032145260646,128.8407584112254,-0.17880519765282088,0.17880519765282088,0.03197129870766434,0.016703534957777145
2022-03-07,128.73035543100548,Random Forest (random search),128.77065414002683,128.71151625495364,-0.040298709021357126,0.040298709021357126,0.0016239859487880103,0.00035491455431227366
2022-03-08,128.68975640990834,Random Forest (random search),128.745377883034,128.73035543100548,-0.055621473125654575,0.055621473125654575,0.003093748272667914,0.0016482805140457554
2022-03-09,128.6687999695544,Random Forest (random search),128.74375792190992,128.68975640990834,-0.07495795235550418,0.07495795235550418,0.005618694621330034,0.0004391723923077218
2022-03-10,128.6829279818966,Random Forest (random search),128.73573254616204,128.6687999695544,-0.05280456426544333,0.05280456426544333,0.002788322007263335,0.0001996007327408932
2022-03-11,128.60942985804718,Random Forest (random search),128.70077220740674,128.6829279818966,-0.09134234935956442,0.09134234935956442,0.008343424786524719,0.005401974209384469
2022-03-14,128.28371404743885,Random Forest (random search),128.63018931557266,128.60942985804718,-0.34647526813381546,0.34647526813381546,0.12004511142839933,0.10609078928024121
2022-03-15,128.08108145076554,Random Forest (random search),128.28807803861017,128.28371404743885,-0.20699658784462827,0.20699658784462827,0.04284758737931891,0.04105996923456878
2022-03-16,128.18239144027385,Random Forest (random search),128.09713507730814,128.08108145076554,0.08525636296570838,0.08525636296570838,0.007268647426140611,0.010263713974173623
2022-03-17,127.8952282986222,Random Forest (random search),128.20981608567456,128.18239144027385,-0.31458778705236057,0.31458778705236057,0.09896547576250136,0.08246266992324358
2022-03-18,127.79721684754873,Random Forest (random search),127.9108551746306,127.8952282986222,-0.1136383270818726,0.1136383270818726,0.01291366938196666,0.0096062445415282
2022-03-21,127.615263881894,Random Forest (random search),127.8359295360167,127.79721684754873,-0.22066565412271189,0.22066565412271189,0.048693330909404316,0.03310688171055146
2022-03-22,127.55540778121126,Random Forest (random search),127.63520494733054,127.615263881894,-0.07979716611927756,0.07979716611927756,0.006367587720667579,0.0035827527889419155
2022-03-23,127.460992862193,Random Forest (random search),127.61561558140627,127.55540778121126,-0.15462271921327897,0.15462271921327897,0.02390818529690851,0.008914176933225127
2022-03-24,127.69175474247022,Random Forest (random search),127.48469191649728,127.460992862193,0.20706282597294035,0.20706282597294035,0.04287501389990018,0.053251045389081805
2022-03-25,127.82410583623292,Random Forest (random search),127.7495487675794,127.69175474247022,0.07455706865351885,0.07455706865351885,0.0055587564862055235,0.017516812020181283
2022-03-28,127.53259850578156,Random Forest (random search),127.870322798146,127.82410583623292,-0.3377242923644417,0.3377242923644417,0.11405769765306288,0.08497652370687413
2022-03-29,127.55394695019832,Random Forest (random search),127.54809960475382,127.53259850578156,0.005847345444507823,0.005847345444507823,3.419144874740639e-05,0.0004557560790154525
2022-03-30,127.35001232409996,Random Forest (random search),127.58915781880738,127.55394695019832,-0.2391454947074152,0.2391454947074152,0.05719056763885435,0.04158933172187758
2022-03-31,127.1935583445198,Random Forest (random search),127.40711597396594,127.35001232409996,-0.21355762944614298,0.21355762944614298,0.045606861094656115,0.02447784772647025
2022-04-01,127.17506161568429,Random Forest (random search),127.22840494227223,127.1935583445198,-0.05334332658794949,0.05334332658794949,0.002845510491468639,0.0003421289776145847
2022-04-04,126.98883774688474,Random Forest (random search),127.21838067599734,127.17506161568429,-0.229542929112597,0.229542929112597,0.05268995630559073,0.0346793293106699
2022-04-05,127.07660160709382,Random Forest (random search),127.01980657510896,126.98883774688474,0.05679503198486202,0.05679503198486202,0.0032256756581615,0.007702495158798897
2022-04-06,126.85628710911791,Random Forest (random search),127.12625849276688,127.07660160709382,-0.269971383648965,0.269971383648965,0.07288454798933665,0.04853847801837547
2022-04-07,126.60025662235692,Random Forest (random search),126.88103874429486,126.85628710911791,-0.28078212193793206,0.28078212193793206,0.07883859999996774,0.06555161015107024
2022-04-08,126.35504649687174,Random Forest (random search),126.62785679577529,126.60025662235692,-0.2728102989035506,0.2728102989035506,0.07442545918784461,0.06012800564046107
2022-04-11,126.11021838793394,Random Forest (random search),126.35966255547868,126.35504649687174,-0.24944416754473764,0.24944416754473764,0.06222239272208714,0.05994080292605717
2022-04-12,126.20114894281356,Random Forest (random search),126.11504427336008,126.11021838793394,0.08610466945347639,0.08610466945347639,0.0074140141016924305,0.008268365810715541
2022-04-13,126.25777519713392,Random Forest (random search),126.23762061255832,126.20114894281356,0.02015458457560726,0.02015458457560726,0.00040620727941530606,0.003206532678354486
2022-04-14,126.52828897371846,Random Forest (random search),126.30020841874484,126.25777519713392,0.2280805549736158,0.2280805549736158,0.05202073955707257,0.07317770332202851
2022-04-15,126.95311026723834,Random Forest (random search),126.59637796277237,126.52828897371846,0.3567323044659787,0.3567323044659787,0.12725793704960772,0.1804731314279071
2022-04-18,126.70026296817812,Random Forest (random search),126.97392703167051,126.95311026723834,-0.27366406349239014,0.27366406349239014,0.07489201964716695,0.06393175664204888
2022-04-19,126.58272209368646,Random Forest (random search),126.72731499071794,126.70026296817812,-0.1445928970314867,0.1445928970314867,0.020907105871958116,0.013815857176265723
2022-04-20,126.20865273483324,Random Forest (random search),126.5669111980706,126.58272209368646,-0.35825846323736243,0.35825846323736243,0.12834912648119656,0.13992788523285876
2022-04-21,125.85266301221114,Random Forest (random search),126.1060689348796,126.20865273483324,-0.2534059226684633,0.2534059226684633,0.0642145616434552,0.12672868261255846
2022-04-22,125.55651175412184,Random Forest (random search),125.7675796159748,125.85266301221114,-0.21106786185295334,0.21106786185295334,0.044549642307177395,0.08770556766787267
2022-04-25,125.18897136963426,Random Forest (random search),125.538347810162,125.55651175412184,-0.34937644052773464,0.34937644052773464,0.1220638971958297,0.1350859342292804
2022-04-26,124.79203782952128,Random Forest (random search),125.0769898668805,125.18897136963426,-0.2849520373592185,0.2849520373592185,0.08119766359516944,0.1575562352666247
2022-04-27,124.60079004928708,Random Forest (random search),124.70776780320377,124.79203782952128,-0.10697775391668074,0.10697775391668074,0.0114442398330579,0.036575713444506004
2022-04-28,124.19245445901691,Random Forest (random search),124.53933741453402,124.60079004928708,-0.3468829555171027,0.3468829555171027,0.12032778482828024,0.16673795428128796
2022-04-29,124.17107440744688,Random Forest (random search),124.07526193380488,124.19245445901691,0.09581247364199896,0.09581247364199896,0.009180030105398746,0.00045710660513732175
2022-05-02,123.87162373847424,Random Forest (random search),124.14296726634365,124.17107440744688,-0.27134352786940497,0.27134352786940497,0.07362731011661455,0.08967070314816118
2022-05-03,124.2730356250622,Random Forest (random search),123.8371983015424,123.87162373847424,0.43583732351980586,0.43583732351980586,0.18995417257290792,0.16113150269410945
2022-05-04,124.16935784046528,Random Forest (random search),124.33617646688992,124.2730356250622,-0.16681862642464296,0.16681862642464296,0.027828454122204586,0.010749083018926471
2022-05-05,124.04419916876418,Random Forest (random search),124.14863457007031,124.16935784046528,-0.10443540130613371,0.10443540130613371,0.010906753045973196,0.015664693101983942
2022-05-06,123.67667911534012,Random Forest (random search),124.07350174602568,124.04419916876418,-0.39682263068556267,0.39682263068556267,0.15746820022421046,0.13507098966882303
2022-05-09,123.8486807669864,Random Forest (random search),123.61215924077293,123.67667911534012,0.23652152621347966,0.23652152621347966,0.055942432362353745,0.029584568169049443
2022-05-10,123.97327090191752,Random Forest (random search),123.83428051830067,123.8486807669864,0.1389903836168429,0.1389903836168429,0.019318326737957154,0.015522701722152484
2022-05-11,123.92379661725433,Random Forest (random search),123.9581481175336,123.97327090191752,-0.03435150027927136,0.03435150027927136,0.0011800255714367806,0.0024477048429344377
2022-05-12,123.55112317592172,Random Forest (random search),123.94684292846944,123.92379661725433,-0.39571975254771985,0.39571975254771985,0.15659412255642863,0.13888549387468918
2022-05-13,123.4227245292654,Random Forest (random search),123.4841636535376,123.55112317592172,-0.0614391242722121,0.0614391242722121,0.003774765991336322,0.016486212463175044
2022-05-16,123.08086486864782,Random Forest (random search),123.44673923926334,123.4227245292654,-0.365874370615515,0.365874370615515,0.1338640550732992,0.11686802755756188
2022-05-17,123.21648761222,Random Forest (random search),123.07215283091428,123.08086486864782,0.14433478130573008,0.14433478130573008,0.02083252909457293,0.018393528574046605
2022-05-18,123.32410677929688,Random Forest (random search),123.2638055975052,123.21648761222,0.06030118179168653,0.06030118179168653,0.0036362325254740272,0.011581885122320652
2022-05-19,123.30002612404554,Random Forest (random search),123.3816508403646,123.32410677929688,-0.08162471631905532,0.08162471631905532,0.006662594314166256,0.0005798779573338438
2022-05-20,122.70442290651002,Random Forest (random search),123.30289493861817,123.30002612404554,-0.5984720321081483,0.5984720321081483,0.35816877321565643,0.3547431927386713
2022-05-23,122.28638632014466,Random Forest (random search),122.58038798061976,122.70442290651002,-0.2940016604751037,0.2940016604751037,0.08643697636211814,0.17475458754000356
2022-05-24,122.24230475147486,Random Forest (random search),122.18392052739064,122.28638632014466,0.058384224084221614,0.058384224084221614,0.003408717621916603,0.0019431846963899365
2022-05-25,122.40844902667436,Random Forest (random search),122.2696104411424,122.24230475147486,0.13883858553195694,0.13883858553195694,0.019276152832514524,0.027603920181567092
2022-05-26,122.61790922917878,Random Forest (random search),122.43627407546536,122.40844902667436,0.18163515371341532,0.18163515371341532,0.03299132906449601,0.04387357643319128
2022-05-27,122.26528561924624,Random Forest (random search),122.67703014495196,122.61790922917878,-0.4117445257057142,0.4117445257057142,0.16953355444862353,0.12434341028185326
2022-05-30,122.14068354840342,Random Forest (random search),122.17030657762956,122.26528561924624,-0.029623029226144126,0.029623029226144126,0.0008775238605329891,0.015525676058320666
2022-05-31,122.22367666403552,Random Forest (random search),122.16389409348376,122.14068354840342,0.05978257055176073,0.05978257055176073,0.003573955741776249,0.006887857242324226
2022-06-01,121.8341880182428,Random Forest (random search),122.27781884992234,122.22367666403552,-0.44363083167954187,0.44363083167954187,0.196808314816682,0.1517014052014502
2022-06-02,121.68924588407629,Random Forest (random search),121.77539672682391,121.8341880182428,-0.08615084274762808,0.08615084274762808,0.007421967706126541,0.021008222256743432
2022-06-03,121.656094010026,Random Forest (random search),121.69728795915267,121.68924588407629,-0.041193949126679286,0.041193949126679286,0.001696941444651441,0.0010990467530462966
2022-06-06,121.542951075685,Random Forest (random search),121.69512376129114,121.656094010026,-0.15217268560614627,0.15217268560614627,0.02315652624458704,0.012801323591291632
2022-06-07,121.10023862868675,Random Forest (random search),121.58102563399788,121.542951075685,-0.4807870053111287,0.4807870053111287,0.23115614447604332,0.1959943107271722
2022-06-08,120.92791681470966,Random Forest (random search),121.02019256265696,121.10023862868675,-0.09227574794729776,0.09227574794729776,0.008514813659233227,0.02969480757235554
2022-06-09,120.77870337868116,Random Forest (random search),120.93078163130872,120.92791681470966,-0.15207825262756103,0.15207825262756103,0.02312779492225227,0.022264649491432326
2022-06-10,120.67015315162882,Random Forest (random search),120.78621851418112,120.77870337868116,-0.11606536255229116,0.11606536255229116,0.013471168384394792,0.01178315179311316
2022-06-13,120.51745585488771,Random Forest (random search),120.6855968424874,120.67015315162882,-0.16814098759968488,0.16814098759968488,0.028271391710997382,0.023316464432042532
2021-10-12,128.49303249595323,LSTM,128.59219986230568,128.5462862516983,-0.0991673663524466,0.0991673663524466,0.009834166549280359,0.002835962500954614
2021-10-13,128.64453941518883,LSTM,128.52845646021524,128.49303249595323,0.11608295497359222,0.11608295497359222,0.01347525243540104,0.022954346576262892
2021-10-14,128.11971759051625,LSTM,128.6951469623528,128.64453941518883,-0.5754293718365489,0.5754293718365489,0.3311189619722052,0.2754379476526621
2021-10-15,128.25799520797483,LSTM,128.13598872349206,128.11971759051625,0.12200648448276752,0.12200648448276752,0.014885582255843792,0.019120699490022562
2021-10-18,128.2495422344636,LSTM,128.3077414233183,128.25799520797483,-0.05819918885470088,0.05819918885470088,0.003387145583345139,7.145276118148058e-05
2021-10-19,128.35474230458067,LSTM,128.29916827566734,128.2495422344636,0.055574028913326856,0.055574028913326856,0.0030884726896592894,0.011067054752635206
2021-10-20,128.0566563579695,LSTM,128.406493422734,128.35474230458067,-0.3498370647645004,0.3498370647645004,0.12238597188304123,0.08885523156707534
2021-10-21,127.75026979389008,LSTM,128.09115773173735,128.0566563579695,-0.34088793784727045,0.34088793784727045,0.11620458616976452,0.09387272664839111
2021-10-22,127.6498421923347,LSTM,127.7803744776022,127.75026979389008,-0.13053228526749194,0.13053228526749194,0.017038677497153893,0.010085703154166431
2021-10-25,127.54588878728214,LSTM,127.69355885024147,127.6498421923347,-0.14767006295933527,0.14767006295933527,0.02180644749441404,0.010806310422022555
2021-10-26,127.51330680065088,LSTM,127.58912729672852,127.54588878728214,-0.07582049607763963,0.07582049607763963,0.005748747625459367,0.001061585852839417
2021-10-27,127.65575530667196,LSTM,127.55734133385351,127.51330680065088,0.09841397281844877,0.09841397281844877,0.009685310045910374,0.02029157686763844
2021-10-28,127.27864658980435,LSTM,127.70480274323712,127.65575530667196,-0.42615615343277113,0.42615615343277113,0.18160906710861557,0.14221098433753554
2021-10-29,127.3491281602696,LSTM,127.30146825088926,127.27864658980435,0.047659909380342924,0.047659909380342924,0.0022714669621424995,0.004967651775247649
2021-11-01,127.27070461902532,LSTM,127.39632575550829,127.3491281602696,-0.12562113648296247,0.12562113648296247,0.015780669931271085,0.006150251821292794
2021-11-02,127.11086847804653,LSTM,127.31310186479004,127.27070461902532,-0.2022333867435151,0.2022333867435151,0.040898342713752145,0.025547591962993853
2021-11-03,126.74969399004657,LSTM,127.14221086152064,127.11086847804653,-0.3925168714740721,0.3925168714740721,0.15406949439179324,0.13044701078203363
2021-11-04,126.7503302811134,LSTM,126.77276341832656,126.74969399004657,-0.022433137213155874,0.022433137213155874,0.0005032456452242789,4.0486632174044205e-07
2021-11-05,126.19934592058088,LSTM,126.79226834014536,126.7503302811134,-0.5929224195644736,0.5929224195644736,0.3515569956221896,0.30358376555143485
2021-11-08,126.137452121954,LSTM,126.21702766080524,126.19934592058088,-0.07957553885124469,0.07957553885124469,0.006332266383465953,0.003830842308465177
2021-11-09,125.78822912702186,LSTM,126.16960243148688,126.137452121954,-0.38137330446501494,0.38137330446501494,0.145445597358565,0.1219567001893694
2021-11-10,125.71113450193528,LSTM,125.80201119704022,125.78822912702186,-0.09087669510493868,0.09087669510493868,0.008258573713195985,0.0059435812172415016
2021-11-11,125.67518417834792,LSTM,125.73135197834794,125.71113450193528,-0.056167800000025636,0.056167800000025636,0.00315482175684288,0.0012924257660357132
2021-11-12,125.88354369957258,LSTM,125.70193930640374,125.67518417834792,0.1816043931688398,0.1816043931688398,0.03298015561822255,0.043413690084971604
2021-11-15,125.85738155911687,LSTM,125.92654572386552,125.88354369957258,-0.06916416474864207,0.06916416474864207,0.0047836816853773015,0.0006844575932243196
2021-11-16,125.67484826875976,LSTM,125.89243133286958,125.85738155911687,-0.21758306410981731,0.21758306410981731,0.04734238978741687,0.03331840208859439
2021-11-17,125.52073347609016,LSTM,125.69775331115476,125.67484826875976,-0.1770198350645984,0.1770198350645984,0.03133602200629762,0.02375136931959463
2021-11-18,125.72610774290123,LSTM,125.54591786529394,125.52073347609016,0.18018987760729033,0.18018987760729033,0.032468391992130266,0.04217858946818752
2021-11-19,125.84589069887384,LSTM,125.77324789043824,125.72610774290123,0.072642808435603,0.072642808435603,0.005276977617411714,0.014347956541536283
2021-11-22,125.82960489561526,LSTM,125.88657347291095,125.84589069887384,-0.0569685772956916,0.0569685772956916,0.003245418799095189,0.0002652273877772755
2021-11-23,125.8148358320822,LSTM,125.8642893562254,125.82960489561526,-0.049453524143203254,0.049453524143203254,0.002445651050182387,0.00021812523764374507
2021-11-24,125.52540698375924,LSTM,125.85163708087104,125.8148358320822,-0.32623009711180373,0.32623009711180373,0.1064260762615769,0.08376905824155262
2021-11-25,125.53519649187795,LSTM,125.55704576623069,125.52540698375924,-0.021849274352732095,0.021849274352732095,0.0004773907897409565,9.583446920638116e-05
2021-11-26,125.2148325439678,LSTM,125.57729765902036,125.53519649187795,-0.36246511505255796,0.36246511505255796,0.13138095963006408,0.10263305912057893
2021-11-29,125.33057417195646,LSTM,125.24789527022702,125.2148325439678,0.08267890172943737,0.08267890172943737,0.006835800791185962,0.013396124449464144
2021-11-30,125.4090530915111,LSTM,125.38386510532705,125.33057417195646,0.025187986184050715,0.025187986184050715,0.0006344346480079297,0.006158940814463802
2021-12-01,125.95194464200983,LSTM,125.46142695526775,125.4090530915111,0.4905176867420806,0.4905176867420806,0.24060760100680195,0.294731235602923
2021-12-02,125.88202903357862,LSTM,126.02333495044957,125.95194464200983,-0.14130591687094807,0.14130591687094807,0.019967362142739285,0.0048881923023071875
2021-12-03,125.89510317829291,LSTM,125.93295207185268,125.88202903357862,-0.037848893559768726,0.037848893559768726,0.0014325387436987026,0.00017093326001033427
2021-12-06,126.3068097856902,LSTM,125.94659510937372,125.89510317829291,0.3602146763164882,0.3602146763164882,0.12975461303379235,0.16950233057458805
2021-12-07,126.67478398939792,LSTM,126.37882679226628,126.3068097856902,0.29595719713164215,0.29595719713164215,0.08759066253401769,0.13540501459432885
2021-12-08,126.6177759664013,LSTM,126.75413943788232,126.67478398939792,-0.1363634714810189,0.1363634714810189,0.018594996354354656,0.0032499146859839016
2021-12-09,126.70084776233368,LSTM,126.67242685797352,126.6177759664013,0.028420904360160648,0.028420904360160648,0.0008077478046493986,0.00690092327943156
2021-12-10,126.75835803678665,LSTM,126.75841017316512,126.70084776233368,-5.213637847134578e-05,5.213637847134578e-05,2.7182019601074078e-09,0.0033074316676554574
2021-12-13,126.8557971141274,LSTM,126.82123091599377,126.75835803678665,0.03456619813363204,0.03456619813363204,0.0011948220534135072,0.009494373793017066
2021-12-14,126.82775490792328,LSTM,126.90454461639476,126.8557971141274,-0.07678970847148037,0.07678970847148037,0.0058966593271349435,0.0007863653287943683
2021-12-15,126.90075742225898,LSTM,126.87328812913827,126.82775490792328,0.027469293120702787,0.027469293120702787,0.0007545620645510895,0.005329367099333831
2021-12-16,126.68804494625977,LSTM,126.95247334386956,126.90075742225898,-0.264428397609791,0.264428397609791,0.06992237746248171,0.04524659744571508
2021-12-17,126.74584942164267,LSTM,126.73058305270126,126.68804494625977,0.015266368941411201,0.015266368941411201,0.00023306202065528456,0.003341357374293333
2021-12-20,126.94563147646882,LSTM,126.79232116641846,126.74584942164267,0.1533103100503581,0.1533103100503581,0.023504051167736937,0.03991286943055657
2021-12-21,127.01441250085828,LSTM,127.00308990327215,126.94563147646882,0.011322597586129746,0.011322597586129746,0.00012820121609743114,0.004730829316064314
2021-12-22,126.7860162445034,LSTM,127.06496098354457,127.01441250085828,-0.27894473904116523,0.27894473904116523,0.07781016743874378,0.0521648499169259
2021-12-23,126.99557673162586,LSTM,126.82600160694376,126.7860162445034,0.16957512468209757,0.16957512468209757,0.028755722910948935,0.043915597763002495
2021-12-24,127.20019964572856,LSTM,127.0464451310671,126.99557673162586,0.15375451466145762,0.15375451466145762,0.023640450778780388,0.041870536975880876
2021-12-27,127.181315992443,LSTM,127.25352698636124,127.20019964572856,-0.07221099391823316,0.07221099391823316,0.005214427642659106,0.0003565923614090929
2021-12-28,127.18172813986878,LSTM,127.22858240496936,127.181315992443,-0.04685426510057766,0.04685426510057766,0.00219532215811521,1.698655005747896e-07
2021-12-29,126.96903978891582,LSTM,127.2249983552609,127.18172813986878,-0.25595856634507186,0.25595856634507186,0.06551478768542456,0.04523633463108911
2021-12-30,126.81008414928738,LSTM,126.99725721448571,126.96903978891582,-0.18717306519833699,0.18717306519833699,0.035033756335740907,0.025266895369688094
2021-12-31,126.79865555148696,LSTM,126.83178600300973,126.81008414928738,-0.033130451522765725,0.033130451522765725,0.0010976268181023298,0.00013061284768371015
2022-01-03,127.15346711243852,LSTM,126.8290044223902,126.79865555148696,0.3244626900483212,0.3244626900483212,0.10527603723339293,0.12589124378488295
2022-01-04,127.19167942915249,LSTM,127.20262654985652,127.15346711243852,-0.010947120704031477,0.010947120704031477,0.00011983945170863461,0.0014601811486485022
2022-01-05,127.42849029600433,LSTM,127.22442470479892,127.19167942915249,0.20406559120540635,0.20406559120540635,0.04164276551401202,0.056079386659120024
2022-01-06,127.46628465053472,LSTM,127.46960651129297,127.42849029600433,-0.003321860758248363,0.003321860758248363,1.1034758897190388e-05,0.0014284132343688645
2022-01-07,127.6174784318244,LSTM,127.49692779515718,127.46628465053472,0.12055063666721821,0.12055063666721821,0.014532456000871656,0.022859559500670843
2022-01-10,127.69661543110814,LSTM,127.65724664709325,127.6174784318244,0.039368784014897074,0.039368784014897074,0.0015499011548116154,0.006262664655635837
2022-01-11,127.98340966242664,LSTM,127.73246516624894,127.69661543110814,0.250944496177695,0.250944496177695,0.06297314016187718,0.08225093111756668
2022-01-12,128.0186389827304,LSTM,128.03237144711727,127.98340966242664,-0.013732464386862375,0.013732464386862375,0.00018858057813644344,0.001241105009065646
2022-01-13,127.78613259044984,LSTM,128.0617301532202,128.0186389827304,-0.27559756277035774,0.27559756277035774,0.07595401660496127,0.054059222451326154
2022-01-14,127.5734571280227,LSTM,127.80836132129232,127.78613259044984,-0.23490419326962808,0.23490419326962808,0.05517998001565478,0.045230852318599
2022-01-17,127.53222092683582,LSTM,127.594772186716,127.5734571280227,-0.06255125988018051,0.06255125988018051,0.00391266011259788,0.0017004242883245583
2022-01-18,127.33796122595308,LSTM,127.56849239091544,127.53222092683582,-0.2305311649623576,0.2305311649623576,0.05314461801890173,0.03773683138705128
2022-01-19,127.47774349017384,LSTM,127.3552399177068,127.33796122595308,0.12250357246703913,0.12250357246703913,0.015007125267187109,0.019539081390681185
2022-01-20,127.5308457129629,LSTM,127.50522499395848,127.47774349017384,0.0256207190044222,0.0256207190044222,0.0006564212423035608,0.0028198460651394424
2022-01-21,128.13512641545697,LSTM,127.55161185758128,127.5308457129629,0.583514557875688,0.583514557875688,0.34048923925285957,0.3651551674067216
2022-01-24,128.02551060399054,LSTM,128.17768857609792,128.13512641545697,-0.15217797210738127,0.15217797210738127,0.02315813519471491,0.012015626123443115
2022-01-25,128.1404787242117,LSTM,128.0417661447638,128.02551060399054,0.09871257944789136,0.09871257944789136,0.009744173341256263,0.013217668667187989
2022-01-26,128.0150337946583,LSTM,128.1678014095577,128.1404787242117,-0.15276761489940327,0.15276761489940327,0.02333794416205238,0.015736430350656465
2022-01-27,127.96214683405262,LSTM,128.03259435491455,128.0150337946583,-0.07044752086193284,0.07044752086193284,0.004962853195592463,0.0027970306021078157
2022-01-28,128.0776443521668,LSTM,127.97460972848486,127.96214683405262,0.1030346236819355,0.1030346236819355,0.010616133677278063,0.013339676690535842
2022-01-31,127.7323389587273,LSTM,128.1044868382801,128.0776443521668,-0.3721478795528128,0.3721478795528128,0.13849404425565487,0.11923581473840993
2022-02-01,127.82350372564602,LSTM,127.73186554286988,127.7323389587273,0.091638182776137,0.091638182776137,0.008397556542512691,0.00831101472734513
2022-02-02,128.32931076959616,LSTM,127.8466946579944,127.82350372564602,0.4826161116017573,0.4826161116017573,0.23291831117759987,0.255840765709581
2022-02-03,128.41986441982064,LSTM,128.3781059332276,128.32931076959616,0.04175848659303938,0.04175848659303938,0.0017437712025410495,0.00819996356897721
2022-02-04,128.5453649489203,LSTM,128.45754022521052,128.41986441982064,0.08782472370978667,0.08782472370978667,0.007713182094700365,0.015750382804296564
2022-02-07,128.84682806674437,LSTM,128.57839535083562,128.5453649489203,0.2684327159087445,0.2684327159087445,0.07205612297014474,0.09088001140820087
2022-02-08,128.95374889769974,LSTM,128.88577802572445,128.84682806674437,0.06797087197529095,0.06797087197529095,0.004620039437081392,0.011432064092187751
2022-02-09,128.92715680451482,LSTM,128.98860028484287,128.95374889769974,-0.06144348032805169,0.06144348032805169,0.003775301274823675,0.000707139419955289
2022-02-10,128.52444839714644,LSTM,128.9563370742032,128.92715680451482,-0.4318886770567474,0.4318886770567474,0.18652782936982742,0.16217406136517673
2022-02-11,128.64341513952715,LSTM,128.5324971150103,128.52444839714644,0.11091802451684885,0.11091802451684885,0.012302808162720282,0.014153085792677409
2022-02-14,128.6975706392,LSTM,128.67885113275153,128.64341513952715,0.018719506448462653,0.018719506448462653,0.0003504199216740348,0.0029328181448155205
2022-02-15,128.5530915501023,LSTM,128.73175615305402,128.6975706392,-0.17866460295172715,0.17866460295172715,0.03192104034789831,0.020874207186501237
2022-02-16,128.61214116546702,LSTM,128.5699758267457,128.5530915501023,0.042165338721332546,0.042165338721332546,0.0017779157894847058,0.0034868570747223176
2022-02-17,128.55208343418815,LSTM,128.64040318089914,128.61214116546702,-0.08831974671099374,0.08831974671099374,0.00780037765909409,0.003606931086365485
2022-02-18,128.48859641092554,LSTM,128.56730464811005,128.55208343418815,-0.07870823718451447,0.07870823718451447,0.006194986600693787,0.004030602122747172
2022-02-21,128.6482827463012,LSTM,128.5046295313789,128.48859641092554,0.14365321492229555,0.14365321492229555,0.020636246157511237,0.025499725705705606
2022-02-22,128.43167088450696,LSTM,128.68160757653524,128.6482827463012,-0.24993669202828528,0.24993669202828528,0.06246835002204192,0.04692069866996456
2022-02-23,128.62628442518044,LSTM,128.4371216505749,128.43167088450696,0.18916277460553488,0.18916277460553488,0.03578255529646439,0.0378744302134709
2022-02-24,128.44863873042834,LSTM,128.64966203927625,128.62628442518044,-0.2010233088479083,0.2010233088479083,0.040410370700161534,0.031557992863956726
2022-02-25,128.28759723365283,LSTM,128.46309833389444,128.44863873042834,-0.17550110024160404,0.17550110024160404,0.030800636186013548,0.025934363683696757
2022-02-28,128.62391827775704,LSTM,128.3054701762644,128.28759723365283,0.3184481014926348,0.3184481014926348,0.10140919334426343,0.11311184470734592
2022-03-01,128.90164780240707,LSTM,128.67471798657047,128.62391827775704,0.22692981583659844,0.22692981583659844,0.05149714131563248,0.07713368886233013
2022-03-02,128.9954474539081,LSTM,128.94690459963135,128.90164780240707,0.04854285427674654,0.04854285427674654,0.0023564087013334496,0.008798374621714634
2022-03-03,128.8407584112254,LSTM,129.02832205300726,128.9954474539081,-0.1875636417818498,0.1875636417818498,0.03518011971847008,0.023928699926087264
2022-03-04,128.71151625495364,LSTM,128.85862962716493,128.8407584112254,-0.14711337221129384,0.14711337221129384,0.021642344283378682,0.016703534957777145
2022-03-07,128.73035543100548,LSTM,128.72679805792828,128.71151625495364,0.0035573730772000545,0.0035573730772000545,1.2654903210387785e-05,0.00035491455431227366
2022-03-08,128.68975640990834,LSTM,128.77499115528178,128.73035543100548,-0.085234745373441,0.085234745373441,0.007264961818875322,0.0016482805140457554
2022-03-09,128.6687999695544,LSTM,128.71786242135863,128.68975640990834,-0.0490624518042182,0.0490624518042182,0.0024071241770412337,0.0004391723923077218
2022-03-10,128.6829279818966,LSTM,128.68559152558493,128.6687999695544,-0.002663543688328218,0.002663543688328218,7.094464979633088e-06,0.0001996007327408932
2022-03-11,128.60942985804718,LSTM,128.7145904199614,128.6829279818966,-0.10516056191423218,0.10516056191423218,0.011058743782117058,0.005401974209384469
2022-03-14,128.28371404743885,LSTM,128.62834167795222,128.60942985804718,-0.3446276305133722,0.3446276305133722,0.11876820371326138,0.10609078928024121
2022-03-15,128.08108145076554,LSTM,128.28891327678355,128.28371404743885,-0.20783182601800831,0.20783182601800831,0.043194067905979676,0.04105996923456878
2022-03-16,128.18239144027385,LSTM,128.08926131840568,128.08108145076554,0.09313012186817105,0.09313012186817105,0.00867321959918039,0.010263713974173623
2022-03-17,127.8952282986222,LSTM,128.21122827358695,128.18239144027385,-0.31599997496475396,0.31599997496475396,0.09985598417772514,0.08246266992324358
2022-03-18,127.79721684754873,LSTM,127.88900218415915,127.8952282986222,-0.0917853366104282,0.0917853366104282,0.008424548016689612,0.0096062445415282
2022-03-21,127.615263881894,LSTM,127.79680302609152,127.79721684754873,-0.18153914419752937,0.18153914419752937,0.03295646087597136,0.03310688171055146
2022-03-22,127.55540778121126,LSTM,127.61421333105416,127.615263881894,-0.05880554984290143,0.05880554984290143,0.003458092692325964,0.0035827527889419155
2022-03-23,127.460992862193,LSTM,127.55370006494836,127.55540778121126,-0.09270720275536348,0.09270720275536348,0.008594625442724074,0.008914176933225127
2022-03-24,127.69175474247022,LSTM,127.4677705761996,127.460992862193,0.22398416627062545,0.22398416627062545,0.050168906739947186,0.053251045389081805
2022-03-25,127.82410583623292,LSTM,127.712164728847,127.69175474247022,0.1119411073859169,0.1119411073859169,0.012530811522785379,0.017516812020181283
2022-03-28,127.53259850578156,LSTM,127.85364363506976,127.82410583623292,-0.3210451292881942,0.3210451292881942,0.10306997503967331,0.08497652370687413
2022-03-29,127.55394695019832,LSTM,127.53449561324209,127.53259850578156,0.019451336956237242,0.019451336956237242,0.0003783545093850807,0.0004557560790154525
2022-03-30,127.35001232409996,LSTM,127.57630065335444,127.55394695019832,-0.22628832925447284,0.22628832925447284,0.05120640795678071,0.04158933172187758
2022-03-31,127.1935583445198,LSTM,127.34864817739144,127.35001232409996,-0.15508983287163858,0.15508983287163858,0.024052856260152786,0.02447784772647025
2022-04-01,127.17506161568429,LSTM,127.202424376174,127.1935583445198,-0.02736276048970865,0.02736276048970865,0.0007487206616171607,0.0003421289776145847
2022-04-04,126.98883774688474,LSTM,127.199301016086,127.17506161568429,-0.2104632692012558,0.2104632692012558,0.04429478768288027,0.0346793293106699
2022-04-05,127.07660160709382,LSTM,126.99857411438606,126.98883774688474,0.07802749270776133,0.07802749270776133,0.0060882896182597466,0.007702495158798897
2022-04-06,126.85628710911791,LSTM,127.1103130703068,127.07660160709382,-0.2540259611888871,0.2540259611888871,0.06452918895793797,0.04853847801837547
2022-04-07,126.60025662235692,LSTM,126.87549505607409,126.85628710911791,-0.2752384337171634,0.2752384337171634,0.07575619539507734,0.06555161015107024
2022-04-08,126.35504649687174,LSTM,126.60889203060194,126.60025662235692,-0.2538455337301997,0.2538455337301997,0.06443755499476995,0.06012800564046107
2022-04-11,126.11021838793394,LSTM,126.36279715332748,126.35504649687174,-0.25257876539353674,0.25257876539353674,0.06379603272772327,0.05994080292605717
2022-04-12,126.20114894281356,LSTM,126.11765489159016,126.11021838793394,0.08349405122339704,0.08349405122339704,0.006971256589695248,0.008268365810715541
2022-04-13,126.25777519713392,LSTM,126.22874352405994,126.20114894281356,0.029031673073987463,0.029031673073987463,0.0008428380414748887,0.003206532678354486
2022-04-14,126.52828897371846,LSTM,126.2847716792976,126.25777519713392,0.24351729442085457,0.24351729442085457,0.05930067268205317,0.07317770332202851
2022-04-15,126.95311026723834,LSTM,126.5724233894046,126.52828897371846,0.3806868778337389,0.3806868778337389,0.14492249895480003,0.1804731314279071
2022-04-18,126.70026296817812,LSTM,127.02332105191203,126.95311026723834,-0.32305808373391187,0.32305808373391187,0.10436652546582721,0.06393175664204888
2022-04-19,126.58272209368646,LSTM,126.72381500222832,126.70026296817812,-0.1410929085418644,0.1410929085418644,0.019907208840802913,0.013815857176265723
2022-04-20,126.20865273483324,LSTM,126.62269031606614,126.58272209368646,-0.414037581232904,0.414037581232904,0.1714271186731936,0.13992788523285876
2022-04-21,125.85266301221114,LSTM,126.23412906386186,126.20865273483324,-0.3814660516507189,0.3814660516507189,0.14551634856198895,0.12672868261255846
2022-04-22,125.55651175412184,LSTM,125.87177748232048,125.85266301221114,-0.3152657281986393,0.3152657281986393,0.09939247937661831,0.08770556766787267
2022-04-25,125.18897136963426,LSTM,125.581468850326,125.55651175412184,-0.3924974806917447,0.3924974806917447,0.15405427234936653,0.1350859342292804
2022-04-26,124.79203782952128,LSTM,125.20504221796512,125.18897136963426,-0.4130043884438379,0.4130043884438379,0.17057262487386857,0.1575562352666247
2022-04-27,124.60079004928708,LSTM,124.78723288257343,124.79203782952128,-0.1864428332863497,0.1864428332863497,0.03476093008384159,0.036575713444506004
2022-04-28,124.19245445901691,LSTM,124.60669208724288,124.60079004928708,-0.4142376282259619,0.4142376282259619,0.17159281263827023,0.16673795428128796
2022-04-29,124.17107440744688,LSTM,124.16986617991864,124.19245445901691,0.001208227528238126,0.001208227528238126,1.4598137599924118e-06,0.00045710660513732175
2022-05-02,123.87162373847424,LSTM,124.16720657962534,124.17107440744688,-0.2955828411511021,0.2955828411511021,0.08736921598295766,0.08967070314816118
2022-05-03,124.2730356250622,LSTM,123.84107348582803,123.87162373847424,0.43196213923417304,0.43196213923417304,0.1865912897317631,0.16113150269410945
2022-05-04,124.16935784046528,LSTM,124.2892720699974,124.2730356250622,-0.11991422953211384,0.11991422953211384,0.014379422444280482,0.010749083018926471
2022-05-05,124.04419916876418,LSTM,124.16649443193327,124.16935784046528,-0.122295263169093,0.122295263169093,0.014956131393597716,0.015664693101983942
2022-05-06,123.67667911534012,LSTM,124.0349488724844,124.04419916876418,-0.358269757144285,0.358269757144285,0.12835721888422494,0.13507098966882303
2022-05-09,123.8486807669864,LSTM,123.65454356704652,123.67667911534012,0.1941371999398882,0.1941371999398882,0.037689252400500126,0.029584568169049443
2022-05-10,123.97327090191752,LSTM,123.87632612393952,123.8486807669864,0.0969447779779955,0.0969447779779955,0.009398289977202842,0.015522701722152484
2022-05-11,123.92379661725433,LSTM,124.0141820138982,123.97327090191752,-0.09038539664388168,0.09038539664388168,0.008169519926471818,0.0024477048429344377
2022-05-12,123.55112317592172,LSTM,123.95608074666532,123.92379661725433,-0.40495757074360483,0.40495757074360483,0.1639906341025617,0.13888549387468918
2022-05-13,123.4227245292654,LSTM,123.56272781003533,123.55112317592172,-0.14000328076993185,0.14000328076993185,0.019600918626344367,0.016486212463175044
2022-05-16,123.08086486864782,LSTM,123.4458004637649,123.4227245292654,-0.36493559511707474,0.36493559511707474,0.1331779885834535,0.11686802755756188
2022-05-17,123.21648761222,LSTM,123.08911765791424,123.08086486864782,0.12736995430576314,0.12736995430576314,0.01622310525985219,0.018393528574046605
2022-05-18,123.32410677929688,LSTM,123.25162319058413,123.21648761222,0.07248358871275684,0.07248358871275684,0.005253870632680091,0.011581885122320652
2022-05-19,123.30002612404554,LSTM,123.3591703179972,123.32410677929688,-0.059144193951652824,0.059144193951652824,0.0034980356781907263,0.0005798779573338438
2022-05-20,122.70442290651002,LSTM,123.33410363055796,123.30002612404554,-0.6296807240479438,0.6296807240479438,0.3964978142375428,0.3547431927386713
2022-05-23,122.28638632014466,LSTM,122.70444647603613,122.70442290651002,-0.4180601558914674,0.4180601558914674,0.17477429394399802,0.17475458754000356
2022-05-24,122.24230475147486,LSTM,122.28559597425468,122.28638632014466,-0.04329122277981412,0.04329122277981412,0.001874129969771497,0.0019431846963899365
2022-05-25,122.40844902667436,LSTM,122.25720083602936,122.24230475147486,0.15124819064500628,0.15124819064500628,0.022876015173388164,0.027603920181567092
2022-05-26,122.61790922917878,LSTM,122.43153496171566,122.40844902667436,0.18637426746312258,0.18637426746312258,0.03473536757241555,0.04387357643319128
2022-05-27,122.26528561924624,LSTM,122.65353390835678,122.61790922917878,-0.38824828911053544,0.38824828911053544,0.1507367339972579,0.12434341028185326
2022-05-30,122.14068354840342,LSTM,122.27517222398,122.26528561924624,-0.13448867557657707,0.13448867557657707,0.018087203858341797,0.015525676058320666
2022-05-31,122.22367666403552,LSTM,122.16162410925094,122.14068354840342,0.06205255478458582,0.06205255478458582,0.003850519555294025,0.006887857242324226
2022-06-01,121.8341880182428,LSTM,122.2578181859364,122.22367666403552,-0.4236301676936023,0.4236301676936023,0.1794625189801096,0.1517014052014502
2022-06-02,121.68924588407629,LSTM,121.84175755806916,121.8341880182428,-0.15251167399287624,0.15251167399287624,0.023259810704109363,0.021008222256743432
2022-06-03,121.656094010026,LSTM,121.70427076588624,121.68924588407629,-0.04817675586023995,0.04817675586023995,0.0023209998052171645,0.0010990467530462966
2022-06-06,121.542951075685,LSTM,121.67190783195272,121.656094010026,-0.1289567562677263,0.1289567562677263,0.016629844987093766,0.012801323591291632
2022-06-07,121.10023862868675,LSTM,121.55638055163324,121.542951075685,-0.45614192294648603,0.45614192294648603,0.208065453869318,0.1959943107271722
2022-06-08,120.92791681470966,LSTM,121.08784391358624,121.10023862868675,-0.15992709887657952,0.15992709887657952,0.02557667695507924,0.02969480757235554
2022-06-09,120.77870337868116,LSTM,120.92811535833438,120.92791681470966,-0.14941197965322317,0.14941197965322317,0.022323939663895176,0.022264649491432326
2022-06-10,120.67015315162882,LSTM,120.78101608593025,120.77870337868116,-0.11086293430142291,0.11086293430142291,0.012290590201921612,0.01178315179311316
2022-06-13,120.51745585488771,LSTM,120.67183317245384,120.67015315162882,-0.15437731756613005,0.15437731756613005,0.023832356178913765,0.023316464432042532
2021-10-12,128.49303249595323,LSTM (random search),128.533310812269,128.5462862516983,-0.04027831631577783,0.04027831631577783,0.0016223427652338545,0.002835962500954614
2021-10-13,128.64453941518883,LSTM (random search),128.49617909919107,128.49303249595323,0.14836031599776334,0.14836031599776334,0.022010783362956192,0.022954346576262892
2021-10-14,128.11971759051625,LSTM (random search),128.65573190367292,128.64453941518883,-0.5360143131566701,0.5360143131566701,0.28731134390881685,0.2754379476526621
2021-10-15,128.25799520797483,LSTM (random search),128.12263114518095,128.11971759051625,0.13536406279388302,0.13536406279388302,0.018323429496066305,0.019120699490022562
2021-10-18,128.2495422344636,LSTM (random search),128.2488843940144,128.25799520797483,0.0006578404492074696,0.0006578404492074696,4.327540566134854e-07,7.145276118148058e-05
2021-10-19,128.35474230458067,LSTM (random search),128.2443765071202,128.2495422344636,0.11036579746047437,0.11036579746047437,0.012180609249086451,0.011067054752635206
2021-10-20,128.0566563579695,LSTM (random search),128.3533808084162,128.35474230458067,-0.29672445044670326,0.29672445044670326,0.08804539949289805,0.08885523156707534
2021-10-21,127.75026979389008,LSTM (random search),128.04186792964802,128.0566563579695,-0.2915981357579369,0.2915981357579369,0.08502947277750421,0.09387272664839111
2021-10-22,127.6498421923347,LSTM (random search),127.7258623959344,127.75026979389008,-0.07602020359969686,0.07602020359969686,0.005779071355339363,0.010085703154166431
2021-10-25,127.54588878728214,LSTM (random search),127.6181956463583,127.6498421923347,-0.07230685907616419,0.07230685907616419,0.005228281869460267,0.010806310422022555
2021-10-26,127.51330680065088,LSTM (random search),127.51429331876102,127.54588878728214,-0.0009865181101389453,0.0009865181101389453,9.732179816321163e-07,0.001061585852839417
2021-10-27,127.65575530667196,LSTM (random search),127.48385189511112,127.51330680065088,0.17190341156084799,0.17190341156084799,0.029550782906258285,0.02029157686763844
2021-10-28,127.27864658980435,LSTM (random search),127.64164016869256,127.65575530667196,-0.36299357888820794,0.36299357888820794,0.13176433831406964,0.14221098433753554
2021-10-29,127.3491281602696,LSTM (random search),127.2700788672901,127.27864658980435,0.07904929297950503,0.07904929297950503,0.006248790720559623,0.004967651775247649
2021-11-01,127.27070461902532,LSTM (random search),127.33570871652816,127.3491281602696,-0.06500409750283609,0.06500409750283609,0.004225532692158221,0.006150251821292794
2021-11-02,127.11086847804653,LSTM (random search),127.26227177995952,127.27070461902532,-0.15140330191299256,0.15140330191299256,0.022922959830156776,0.025547591962993853
2021-11-03,126.74969399004657,LSTM (random search),127.11006679237288,127.11086847804653,-0.3603728023263102,0.3603728023263102,0.12986855665651784,0.13044701078203363
2021-11-04,126.7503302811134,LSTM (random search),126.74737475981416,126.74969399004657,0.0029555212992420365,0.0029555212992420365,8.735106150273335e-06,4.0486632174044205e-07
2021-11-05,126.19934592058088,LSTM (random search),126.74699780731008,126.7503302811134,-0.5476518867291986,0.5476518867291986,0.299922589038051,0.30358376555143485
2021-11-08,126.137452121954,LSTM (random search),126.1864894203576,126.19934592058088,-0.04903729840360427,0.04903729840360427,0.00240465663472413,0.003830842308465177
2021-11-09,125.78822912702186,LSTM (random search),126.11628344668034,126.137452121954,-0.3280543196584773,0.3280543196584773,0.10761963664658641,0.1219567001893694
2021-11-10,125.71113450193528,LSTM (random search),125.77642841691,125.78822912702186,-0.06529391497471693,0.06529391497471693,0.0042632953327255635,0.0059435812172415016
2021-11-11,125.67518417834792,LSTM (random search),125.70815804760656,125.71113450193528,-0.03297386925864032,0.03297386925864032,0.0010872760538859052,0.0012924257660357132
2021-11-12,125.88354369957258,LSTM (random search),125.68616939261112,125.67518417834792,0.19737430696146419,0.19737430696146419,0.03895661704851829,0.043413690084971604
2021-11-15,125.85738155911687,LSTM (random search),125.92232016805818,125.88354369957258,-0.06493860894130421,0.06493860894130421,0.004217022931231635,0.0006844575932243196
2021-11-16,125.67484826875976,LSTM (random search),125.9105858943892,125.85738155911687,-0.23573762562944012,0.23573762562944012,0.05557222813740606,0.03331840208859439
2021-11-17,125.52073347609016,LSTM (random search),125.73283328024796,125.67484826875976,-0.21209980415780194,0.21209980415780194,0.044986326923777936,0.02375136931959463
2021-11-18,125.72610774290123,LSTM (random search),125.57248304452273,125.52073347609016,0.15362469837850767,0.15362469837850767,0.023600547951887457,0.04217858946818752
2021-11-19,125.84589069887384,LSTM (random search),125.79069861423532,125.72610774290123,0.0551920846385201,0.0551920846385201,0.0030461662067455663,0.014347956541536283
2021-11-22,125.82960489561526,LSTM (random search),125.9331009517549,125.84589069887384,-0.1034960561396332,0.1034960561396332,0.010711433636458106,0.0002652273877772755
2021-11-23,125.8148358320822,LSTM (random search),125.9226611646053,125.82960489561526,-0.107825332523106,0.107825332523106,0.011626302333718381,0.00021812523764374507
2021-11-24,125.52540698375924,LSTM (random search),125.91215103920597,125.8148358320822,-0.3867440554467265,0.3867440554467265,0.14957096442338066,0.08376905824155262
2021-11-25,125.53519649187795,LSTM (random search),125.60410609569772,125.52540698375924,-0.06890960381976186,0.06890960381976186,0.004748533498596537,9.583446920638116e-05
2021-11-26,125.2148325439678,LSTM (random search),125.60316101590864,125.53519649187795,-0.38832847194083797,0.38832847194083797,0.15079900211990618,0.10263305912057893
2021-11-29,125.33057417195646,LSTM (random search),125.26882687920197,125.2148325439678,0.061747292754489536,0.061747292754489536,0.003812728162508636,0.013396124449464144
2021-11-30,125.4090530915111,LSTM (random search),125.38066012259928,125.33057417195646,0.02839296891181675,0.02839296891181675,0.0008061606836273925,0.006158940814463802
2021-12-01,125.95194464200983,LSTM (random search),125.468979251191,125.4090530915111,0.4829653908188334,0.4829653908188334,0.23325556872878847,0.294731235602923
2021-12-02,125.88202903357862,LSTM (random search),126.03277911269912,125.95194464200983,-0.15075007912049898,0.15075007912049898,0.022725586354836704,0.0048881923023071875
2021-12-03,125.89510317829291,LSTM (random search),125.96299420235276,125.88202903357862,-0.06789102405984693,0.06789102405984693,0.004609191147894714,0.00017093326001033427
2021-12-06,126.3068097856902,LSTM (random search),125.96976380732696,125.89510317829291,0.3370459783632498,0.3370459783632498,0.11359999153084024,0.16950233057458805
2021-12-07,126.67478398939792,LSTM (random search),126.3875552889966,126.3068097856902,0.28722870040132875,0.28722870040132875,0.08250032633423628,0.13540501459432885
2021-12-08,126.6177759664013,LSTM (random search),126.77259701451484,126.67478398939792,-0.15482104811354702,0.15482104811354702,0.023969556938977243,0.0032499146859839016
2021-12-09,126.70084776233368,LSTM (random search),126.71942081766863,126.6177759664013,-0.018573055334954347,0.018573055334954347,0.00034495838447527613,0.00690092327943156
2021-12-10,126.75835803678665,LSTM (random search),126.80077924083405,126.70084776233368,-0.04242120404740035,0.04242120404740035,0.001799558552831176,0.0033074316676554574
2021-12-13,126.8557971141274,LSTM (random search),126.84867000362308,126.75835803678665,0.007127110504313805,0.007127110504313805,5.079570414070018e-05,0.009494373793017066
2021-12-14,126.82775490792328,LSTM (random search),126.95138667737795,126.8557971141274,-0.12363176945467558,0.12363176945467558,0.015284814418494053,0.0007863653287943683
2021-12-15,126.90075742225898,LSTM (random search),126.9264065703922,126.82775490792328,-0.025649148133226163,0.025649148133226163,0.0006578787999601791,0.005329367099333831
2021-12-16,126.68804494625977,LSTM (random search),126.99609546135916,126.90075742225898,-0.30805051509939574,0.30805051509939574,0.09489511985300304,0.04524659744571508
2021-12-17,126.74584942164267,LSTM (random search),126.77905595637014,126.68804494625977,-0.03320653472746926,0.03320653472746926,0.001102673948606622,0.003341357374293333
2021-12-20,126.94563147646882,LSTM (random search),126.83934635522212,126.74584942164267,0.10628512124669953,0.10628512124669953,0.011296526998425621,0.03991286943055657
2021-12-21,127.01441250085828,LSTM (random search),127.0507334418366,126.94563147646882,-0.03632094097831384,0.03632094097831384,0.0013192107535501577,0.004730829316064314
2021-12-22,126.7860162445034,LSTM (random search),127.12311794698236,127.01441250085828,-0.3371017024789609,0.3371017024789609,0.11363755781421385,0.0521648499169259
2021-12-23,126.99557673162586,LSTM (random search),126.89228015026704,126.7860162445034,0.10329658135881914,0.10329658135881914,0.010670183720419142,0.043915597763002495
2021-12-24,127.20019964572856,LSTM (random search),127.09701127535467,126.99557673162586,0.10318837037388562,0.10318837037388562,0.010647839780418195,0.041870536975880876
2021-12-27,127.181315992443,LSTM (random search),127.31652913686702,127.20019964572856,-0.13521314442401433,0.13521314442401433,0.018282594425029358,0.0003565923614090929
2021-12-28,127.18172813986878,LSTM (random search),127.30179171678247,127.181315992443,-0.12006357691369374,0.12006357691369374,0.014415262501310451,1.698655005747896e-07
2021-12-29,126.96903978891582,LSTM (random search),127.29219371115308,127.18172813986878,-0.32315392223725325,0.32315392223725325,0.10442845745732073,0.04523633463108911
2021-12-30,126.81008414928738,LSTM (random search),127.06788625426502,126.96903978891582,-0.25780210497764244,0.25780210497764244,0.06646192533090338,0.025266895369688094
2021-12-31,126.79865555148696,LSTM (random search),126.89788205181183,126.81008414928738,-0.09922650032487468,0.09922650032487468,0.009845898366722354,0.00013061284768371015
2022-01-03,127.15346711243852,LSTM (random search),126.88147834371898,126.79865555148696,0.27198876871953814,0.27198876871953814,0.07397789030957042,0.12589124378488295
2022-01-04,127.19167942915249,LSTM (random search),127.24855351562962,127.15346711243852,-0.0568740864771371,0.0568740864771371,0.003234661712608869,0.0014601811486485022
2022-01-05,127.42849029600433,LSTM (random search),127.29328398767994,127.19167942915249,0.13520630832438485,0.13520630832438485,0.01828074581070862,0.056079386659120024
2022-01-06,127.46628465053472,LSTM (random search),127.53760682791282,127.42849029600433,-0.0713221773781072,0.0713221773781072,0.0050868529859541866,0.0014284132343688645
2022-01-07,127.6174784318244,LSTM (random search),127.57753505852853,127.46628465053472,0.03994337329586983,0.03994337329586983,0.0015954730702532074,0.022859559500670843
2022-01-10,127.69661543110814,LSTM (random search),127.72779536402578,127.6174784318244,-0.031179932917638098,0.031179932917638098,0.0009721882167484118,0.006262664655635837
2022-01-11,127.98340966242664,LSTM (random search),127.80617253074853,127.69661543110814,0.17723713167811184,0.17723713167811184,0.03141300084548435,0.08225093111756668
2022-01-12,128.0186389827304,LSTM (random search),128.09742935437075,127.98340966242664,-0.07879037164033775,0.07879037164033775,0.00620792266322254,0.001241105009065646
2022-01-13,127.78613259044984,LSTM (random search),128.13163353438904,128.0186389827304,-0.34550094393920006,0.34550094393920006,0.11937090226287826,0.054059222451326154
2022-01-14,127.5734571280227,LSTM (random search),127.88884273318152,127.78613259044984,-0.3153856051588235,0.3153856051588235,0.09946807994139734,0.045230852318599
2022-01-17,127.53222092683582,LSTM (random search),127.66432566068032,127.5734571280227,-0.13210473384449983,0.13210473384449983,0.01745166070412614,0.0017004242883245583
2022-01-18,127.33796122595308,LSTM (random search),127.61617319728404,127.53222092683582,-0.2782119713309612,0.2782119713309612,0.07740190099185958,0.03773683138705128
2022-01-19,127.47774349017384,LSTM (random search),127.4181858666205,127.33796122595308,0.059557623553331496,0.059557623553331496,0.0035471105233203467,0.019539081390681185
2022-01-20,127.5308457129629,LSTM (random search),127.55699542029144,127.47774349017384,-0.026149707328542604,0.026149707328542604,0.0006838071933684348,0.0028198460651394424
2022-01-21,128.13512641545697,LSTM (random search),127.6248666160734,127.5308457129629,0.5102597993835616,0.5102597993835616,0.2603650628669525,0.3651551674067216
2022-01-24,128.02551060399054,LSTM (random search),128.25465116259022,128.13512641545697,-0.2291405585996813,0.2291405585996813,0.05250539559537398,0.012015626123443115
2022-01-25,128.1404787242117,LSTM (random search),128.15308540543555,128.02551060399054,-0.012606681223843452,0.012606681223843452,0.00015892841147960705,0.013217668667187989
2022-01-26,128.0150337946583,LSTM (random search),128.26932174858476,128.1404787242117,-0.2542879539264504,0.2542879539264504,0.06466236351210057,0.015736430350656465
2022-01-27,127.96214683405262,LSTM (random search),128.1363420841266,128.0150337946583,-0.1741952500739785,0.1741952500739785,0.03034398514833591,0.0027970306021078157
2022-01-28,128.0776443521668,LSTM (random search),128.07745470157963,127.96214683405262,0.0001896505871741283,0.0001896505871741283,3.596734521549164e-08,0.013339676690535842
2022-01-31,127.7323389587273,LSTM (random search),128.18479415431514,128.0776443521668,-0.4524551955878451,0.4524551955878451,0.20471570401443515,0.11923581473840993
2022-02-01,127.82350372564602,LSTM (random search),127.82320099447864,127.7323389587273,0.00030273116738044337,0.00030273116738044337,9.164615970352601e-08,0.00831101472734513
2022-02-02,128.32931076959616,LSTM (random search),127.9070935178976,127.82350372564602,0.4222172516985694,0.4222172516985694,0.17826740763189308,0.255840765709581
2022-02-03,128.41986441982064,LSTM (random search),128.43314530924803,128.32931076959616,-0.01328088942739214,0.01328088942739214,0.00017638202398261631,0.00819996356897721
2022-02-04,128.5453649489203,LSTM (random search),128.53169858825478,128.41986441982064,0.013666360665524735,0.013666360665524735,0.00018676941384020168,0.015750382804296564
2022-02-07,128.84682806674437,LSTM (random search),128.65683330129772,128.5453649489203,0.18999476544664162,0.18999476544664162,0.03609801089712437,0.09088001140820087
2022-02-08,128.95374889769974,LSTM (random search),128.9709803992887,128.84682806674437,-0.01723150158895237,0.01723150158895237,0.00029692464701006803,0.011432064092187751
2022-02-09,128.92715680451482,LSTM (random search),129.0837651649994,128.95374889769974,-0.15660836048456872,0.15660836048456872,0.024526178573664625,0.000707139419955289
2022-02-10,128.52444839714644,LSTM (random search),129.0555329606065,128.92715680451482,-0.5310845634600696,0.5310845634600696,0.2820508135455727,0.16217406136517673
2022-02-11,128.64341513952715,LSTM (random search),128.62989847599147,128.52444839714644,0.013516663535682483,0.013516663535682483,0.00018270019313684847,0.014153085792677409
2022-02-14,128.6975706392,LSTM (random search),128.73621894559366,128.64341513952715,-0.03864830639366801,0.03864830639366801,0.0014936915870988395,0.0029328181448155205
2022-02-15,128.5530915501023,LSTM (random search),128.79373125965097,128.6975706392,-0.24063970954867386,0.24063970954867386,0.057907469811670116,0.020874207186501237
2022-02-16,128.61214116546702,LSTM (random search),128.64024687730318,128.5530915501023,-0.028105711836161618,0.028105711836161618,0.0007899310378173553,0.0034868570747223176
2022-02-17,128.55208343418815,LSTM (random search),128.69174018833232,128.61214116546702,-0.13965675414416978,0.13965675414416978,0.019504008978085085,0.003606931086365485
2022-02-18,128.48859641092554,LSTM (random search),128.63330808433273,128.55208343418815,-0.14471167340718694,0.14471167340718694,0.020941468420308335,0.004030602122747172
2022-02-21,128.6482827463012,LSTM (random search),128.5640064640595,128.48859641092554,0.0842762822416887,0.0842762822416887,0.007102491748480775,0.025499725705705606
2022-02-22,128.43167088450696,LSTM (random search),128.72253802649786,128.6482827463012,-0.29086714199090125,0.29086714199090125,0.08460369428995511,0.04692069866996456
2022-02-23,128.62628442518044,LSTM (random search),128.50135672362353,128.43167088450696,0.12492770155691346,0.12492770155691346,0.015606930616293238,0.0378744302134709
2022-02-24,128.44863873042834,LSTM (random search),128.69299310169745,128.62628442518044,-0.24435437126911097,0.24435437126911097,0.059709058758322525,0.031557992863956726
2022-02-25,128.28759723365283,LSTM (random search),128.51286573030723,128.44863873042834,-0.22526849665439386,0.22526849665439386,0.05074589558493066,0.025934363683696757
2022-02-28,128.62391827775704,LSTM (random search),128.33423967495537,128.28759723365283,0.289678602801672,0.289678602801672,0.08391369292112887,0.11311184470734592
2022-03-01,128.90164780240707,LSTM (random search),128.66242095230686,128.62391827775704,0.23922685010020928,0.23922685010020928,0.057229485808868,0.07713368886233013
2022-03-02,128.9954474539081,LSTM (random search),128.95227508988432,128.90164780240707,0.04317236402377489,0.04317236402377489,0.0018638530154013323,0.008798374621714634
2022-03-03,128.8407584112254,LSTM (random search),129.05507894685067,128.9954474539081,-0.2143205356252622,0.2143205356252622,0.04593329199069929,0.023928699926087264
2022-03-04,128.71151625495364,LSTM (random search),128.89645483532223,128.8407584112254,-0.18493858036859478,0.18493858036859478,0.03420227850875119,0.016703534957777145
2022-03-07,128.73035543100548,LSTM (random search),128.755409048311,128.71151625495364,-0.025053617305530906,0.025053617305530906,0.0006276837400919978,0.00035491455431227366
2022-03-08,128.68975640990834,LSTM (random search),128.75931130969536,128.73035543100548,-0.0695548997870219,0.0695548997870219,0.004837884084382659,0.0016482805140457554
2022-03-09,128.6687999695544,LSTM (random search),128.71281729982297,128.68975640990834,-0.04401733026855936,0.04401733026855936,0.0019375253639714323,0.0004391723923077218
2022-03-10,128.6829279818966,LSTM (random search),128.6929932080214,128.6687999695544,-0.010065226124794435,0.010065226124794435,0.0001013087769432444,0.0001996007327408932
2022-03-11,128.60942985804718,LSTM (random search),128.70532217895826,128.6829279818966,-0.09589232091107647,0.09589232091107647,0.009195337209712873,0.005401974209384469
2022-03-14,128.28371404743885,LSTM (random search),128.63106111379307,128.60942985804718,-0.3473470663542173,0.3473470663542173,0.12064998450488104,0.10609078928024121
2022-03-15,128.08108145076554,LSTM (random search),128.29221530332362,128.28371404743885,-0.2111338525580777,0.2111338525580777,0.044577503696016096,0.04105996923456878
2022-03-16,128.18239144027385,LSTM (random search),128.07182138118665,128.08108145076554,0.11057005908719475,0.11057005908719475,0.012225737966545738,0.010263713974173623
2022-03-17,127.8952282986222,LSTM (random search),128.16597274109873,128.18239144027385,-0.27074444247652707,0.27074444247652707,0.07330255313192548,0.08246266992324358
2022-03-18,127.79721684754873,LSTM (random search),127.88359249034806,127.8952282986222,-0.0863756427993394,0.0863756427993394,0.007460751668999073,0.0096062445415282
2022-03-21,127.615263881894,LSTM (random search),127.78175173514568,127.79721684754873,-0.16648785325168092,0.16648785325168092,0.02771820528035324,0.03310688171055146
2022-03-22,127.55540778121126,LSTM (random search),127.60317240356112,127.615263881894,-0.047764622349859565,0.047764622349859565,0.0022814591482247038,0.0035827527889419155
2022-03-23,127.460992862193,LSTM (random search),127.544672051502,127.55540778121126,-0.08367918930900942,0.08367918930900942,0.007002206723413036,0.008914176933225127
2022-03-24,127.69175474247022,LSTM (random search),127.45286700194896,127.460992862193,0.23888774052126394,0.23888774052126394,0.05706735257135473,0.053251045389081805
2022-03-25,127.82410583623292,LSTM (random search),127.69962566433531,127.69175474247022,0.12448017189760208,0.12448017189760208,0.015495313195656562,0.017516812020181283
2022-03-28,127.53259850578156,LSTM (random search),127.8478715007806,127.82410583623292,-0.3152729949990345,0.3152729949990345,0.09939706137566123,0.08497652370687413
2022-03-29,127.55394695019832,LSTM (random search),127.55698241950716,127.53259850578156,-0.0030354693088412432,0.0030354693088412432,9.214073924917135e-06,0.0004557560790154525
2022-03-30,127.35001232409996,LSTM (random search),127.57333320258668,127.55394695019832,-0.22332087848671733,0.22332087848671733,0.04987221476807917,0.04158933172187758
2022-03-31,127.1935583445198,LSTM (random search),127.3690764506362,127.35001232409996,-0.1755181061163995,0.1755181061163995,0.03080660557468768,0.02447784772647025
2022-04-01,127.17506161568429,LSTM (random search),127.20673235030392,127.1935583445198,-0.0316707346196381,0.0316707346196381,0.001003035431347543,0.0003421289776145847
2022-04-04,126.98883774688474,LSTM (random search),127.17775074349458,127.17506161568429,-0.18891299660984373,0.18891299660984373,0.03568812028811083,0.0346793293106699
2022-04-05,127.07660160709382,LSTM (random search),126.98533334534622,126.98883774688474,0.09126826174760083,0.09126826174760083,0.008329895602428578,0.007702495158798897
2022-04-06,126.85628710911791,LSTM (random search),127.06840090576767,127.07660160709382,-0.21211379664975993,0.21211379664975993,0.04499226272917571,0.04853847801837547
2022-04-07,126.60025662235692,LSTM (random search),126.84214219861846,126.85628710911791,-0.24188557626153795,0.24188557626153795,0.05850863200337629,0.06555161015107024
2022-04-08,126.35504649687174,LSTM (random search),126.57394745625332,126.60025662235692,-0.21890095938158538,0.21890095938158538,0.04791763001817849,0.06012800564046107
2022-04-11,126.11021838793394,LSTM (random search),126.32147673997645,126.35504649687174,-0.2112583520425062,0.2112583520425062,0.04463009130771548,0.05994080292605717
2022-04-12,126.20114894281356,LSTM (random search),126.0660239540958,126.11021838793394,0.13512498871776302,0.13512498871776302,0.01825876257597558,0.008268365810715541
2022-04-13,126.25777519713392,LSTM (random search),126.16011227364866,126.20114894281356,0.09766292348525951,0.09766292348525951,0.009538046623687653,0.003206532678354486
2022-04-14,126.52828897371846,LSTM (random search),126.2271220780467,126.25777519713392,0.3011668956717557,0.3011668956717557,0.09070149904856219,0.07317770332202851
2022-04-15,126.95311026723834,LSTM (random search),126.51572242401498,126.52828897371846,0.43738784322336244,0.43738784322336244,0.19130812539958467,0.1804731314279071
2022-04-18,126.70026296817812,LSTM (random search),126.96183262375894,126.95311026723834,-0.26156965558081424,0.26156965558081424,0.06841868472066578,0.06393175664204888
2022-04-19,126.58272209368646,LSTM (random search),126.71561599125268,126.70026296817812,-0.13289389756621972,0.13289389756621972,0.0176607880103409,0.013815857176265723
2022-04-20,126.20865273483324,LSTM (random search),126.58378185647074,126.58272209368646,-0.37512912163749945,0.37512912163749945,0.14072185790052186,0.13992788523285876
2022-04-21,125.85266301221114,LSTM (random search),126.19267731540133,126.20865273483324,-0.34001430319018766,0.34001430319018766,0.11560972637390886,0.12672868261255846
2022-04-22,125.55651175412184,LSTM (random search),125.8132466431604,125.85266301221114,-0.25673488903855457,0.25673488903855457,0.06591280324963893,0.08770556766787267
2022-04-25,125.18897136963426,LSTM (random search),125.49280721130616,125.55651175412184,-0.3038358416718978,0.3038358416718978,0.09231621868447056,0.1350859342292804
2022-04-26,124.79203782952128,LSTM (random search),125.11023918456851,125.18897136963426,-0.31820135504723623,0.31820135504723623,0.1012521023538973,0.1575562352666247
2022-04-27,124.60079004928708,LSTM (random search),124.70977646833956,124.79203782952128,-0.10898641905247075,0.10898641905247075,0.011878039537880759,0.036575713444506004
2022-04-28,124.19245445901691,LSTM (random search),124.51745678797602,124.60079004928708,-0.3250023289591013,0.3250023289591013,0.1056265138288399,0.16673795428128796
2022-04-29,124.17107440744688,LSTM (random search),124.1085706519538,124.19245445901691,0.06250375549308274,0.06250375549308274,0.0039067194507390705,0.00045710660513732175
2022-05-02,123.87162373847424,LSTM (random search),124.09337882911016,124.17107440744688,-0.22175509063592358,0.22175509063592358,0.049175320222946683,0.08967070314816118
2022-05-03,124.2730356250622,LSTM (random search),123.805271728701,123.87162373847424,0.4677638963612054,0.4677638963612054,0.2188030627390165,0.16113150269410945
2022-05-04,124.16935784046528,LSTM (random search),124.24234133779188,124.2730356250622,-0.0729834973266037,0.0729834973266037,0.005326590882022369,0.010749083018926471
2022-05-05,124.04419916876418,LSTM (random search),124.15589459476053,124.16935784046528,-0.11169542599634497,0.11169542599634497,0.012475868188504975,0.015664693101983942
2022-05-06,123.67667911534012,LSTM (random search),124.04051183684555,124.04419916876418,-0.3638327215054318,0.3638327215054318,0.13237424923804908,0.13507098966882303
2022-05-09,123.8486807669864,LSTM (random search),123.6662355117202,123.67667911534012,0.18244525526620237,0.18244525526620237,0.03328627116914974,0.029584568169049443
2022-05-10,123.97327090191752,LSTM (random search),123.84933959348145,123.8486807669864,0.12393130843607025,0.12393130843607025,0.015358969210676377,0.015522701722152484
2022-05-11,123.92379661725433,LSTM (random search),123.98432100328716,123.97327090191752,-0.060524386032838606,0.060524386032838606,0.003663201304652069,0.0024477048429344377
2022-05-12,123.55112317592172,LSTM (random search),123.94206461945149,123.92379661725433,-0.3909414435297691,0.3909414435297691,0.15283521226913965,0.13888549387468918
2022-05-13,123.4227245292654,LSTM (random search),123.56185910493402,123.55112317592172,-0.13913457566862064,0.13913457566862064,0.019358430146487124,0.016486212463175044
2022-05-16,123.08086486864782,LSTM (random search),123.43027404006848,123.4227245292654,-0.3494091714206604,0.3494091714206604,0.12208676907287246,0.11686802755756188
2022-05-17,123.21648761222,LSTM (random search),123.0778142959433,123.08086486864782,0.13867331627670865,0.13867331627670865,0.019230288647180068,0.018393528574046605
2022-05-18,123.32410677929688,LSTM (random search),123.21159225899586,123.21648761222,0.11251452030101916,0.11251452030101916,0.012659517278568453,0.011581885122320652
2022-05-19,123.30002612404554,LSTM (random search),123.33369299990404,123.32410677929688,-0.03366687585850059,0.03366687585850059,0.0011334585300716898,0.0005798779573338438
2022-05-20,122.70442290651002,LSTM (random search),123.313133991957,123.30002612404554,-0.6087110854469842,0.6087110854469842,0.37052918554604564,0.3547431927386713
2022-05-23,122.28638632014466,LSTM (random search),122.69317203807034,122.70442290651002,-0.4067857179256862,0.4067857179256862,0.16547462030831592,0.17475458754000356
2022-05-24,122.24230475147486,LSTM (random search),122.25087485253884,122.28638632014466,-0.008570101063980928,0.008570101063980928,7.344663224684704e-05,0.0019431846963899365
2022-05-25,122.40844902667436,LSTM (random search),122.20073200558544,122.24230475147486,0.20771702108892498,0.20771702108892498,0.0431463608500569,0.027603920181567092
2022-05-26,122.61790922917878,LSTM (random search),122.38370569321545,122.40844902667436,0.23420353596333143,0.23420353596333143,0.05485129625772748,0.04387357643319128
2022-05-27,122.26528561924624,LSTM (random search),122.60644465759847,122.61790922917878,-0.34115903835223094,0.34115903835223094,0.11638948944941897,0.12434341028185326
2022-05-30,122.14068354840342,LSTM (random search),122.25144853693472,122.26528561924624,-0.1107649885313009,0.1107649885313009,0.01226888268433922,0.015525676058320666
2022-05-31,122.22367666403552,LSTM (random search),122.12269674229388,122.14068354840342,0.10097992174164006,0.10097992174164006,0.01019694459494775,0.006887857242324226
2022-06-01,121.8341880182428,LSTM (random search),122.21438935885924,122.22367666403552,-0.38020134061643773,0.38020134061643773,0.1445530594065365,0.1517014052014502
2022-06-02,121.68924588407629,LSTM (random search),121.82287086012492,121.8341880182428,-0.13362497604863677,0.13362497604863677,0.01785563422399875,0.021008222256743432
2022-06-03,121.656094010026,LSTM (random search),121.67355810920948,121.68924588407629,-0.017464099183484905,0.017464099183484905,0.0003049947602905981,0.0010990467530462966
2022-06-06,121.542951075685,LSTM (random search),121.65318497972636,121.656094010026,-0.11023390404136535,0.11023390404136535,0.012151513600200944,0.012801323591291632
2022-06-07,121.10023862868675,LSTM (random search),121.54595631020962,121.542951075685,-0.44571768152286495,0.44571768152286495,0.19866425162211807,0.1959943107271722
2022-06-08,120.92791681470966,LSTM (random search),121.09270288748796,121.10023862868675,-0.16478607277829838,0.16478607277829838,0.02715444978169465,0.02969480757235554
2022-06-09,120.77870337868116,LSTM (random search),120.92195295882097,120.92791681470966,-0.14324958013980904,0.14324958013980904,0.02052044221023157,0.022264649491432326
2022-06-10,120.67015315162882,LSTM (random search),120.77115954801448,120.77870337868116,-0.10100639638565667,0.10100639638565667,0.010202292110816398,0.01178315179311316
2022-06-13,120.51745585488771,LSTM (random search),120.66695891217262,120.67015315162882,-0.1495030572849032,0.1495030572849032,0.02235116413753305,0.023316464432042532
2021-10-12,128.49303249595323,LSTM (bayesian search),128.523164853756,128.5462862516983,-0.03013235780275636,0.03013235780275636,0.0009079589867533321,0.002835962500954614
2021-10-13,128.64453941518883,LSTM (bayesian search),128.49914219369748,128.49303249595323,0.1453972214913506,0.1453972214913506,0.021140352017404863,0.022954346576262892
2021-10-14,128.11971759051625,LSTM (bayesian search),128.66010014368663,128.64453941518883,-0.5403825531703887,0.5403825531703887,0.29201330377094803,0.2754379476526621
2021-10-15,128.25799520797483,LSTM (bayesian search),128.11691452982444,128.11971759051625,0.14108067815038794,0.14108067815038794,0.01990375774737335,0.019120699490022562
2021-10-18,128.2495422344636,LSTM (bayesian search),128.26253662416167,128.25799520797483,-0.012994389698064879,0.012994389698064879,0.00016885416362517465,7.145276118148058e-05
2021-10-19,128.35474230458067,LSTM (bayesian search),128.26271565165183,128.2495422344636,0.09202665292883694,0.09202665292883694,0.008468904849284612,0.011067054752635206
2021-10-20,128.0566563579695,LSTM (bayesian search),128.38185717274473,128.35474230458067,-0.3252008147752292,0.3252008147752292,0.10575556993047294,0.08885523156707534
2021-10-21,127.75026979389008,LSTM (bayesian search),128.06638190257118,128.0566563579695,-0.3161121086810965,0.3161121086810965,0.09992686525480937,0.09387272664839111
2021-10-22,127.6498421923347,LSTM (bayesian search),127.76802781129594,127.75026979389008,-0.1181856189612347,0.1181856189612347,0.013967840529250158,0.010085703154166431
2021-10-25,127.54588878728214,LSTM (bayesian search),127.66065950497018,127.6498421923347,-0.11477071768804592,0.11477071768804592,0.013172317638629137,0.010806310422022555
2021-10-26,127.51330680065088,LSTM (bayesian search),127.5598617048538,127.54588878728214,-0.046554904202920966,0.046554904202920966,0.002167359105343148,0.001061585852839417
2021-10-27,127.65575530667196,LSTM (bayesian search),127.51991129098693,127.51330680065088,0.1358440156850378,0.1358440156850378,0.018453596597436794,0.02029157686763844
2021-10-28,127.27864658980435,LSTM (bayesian search),127.68178673748264,127.65575530667196,-0.4031401476782861,0.4031401476782861,0.16252197867007032,0.14221098433753554
2021-10-29,127.3491281602696,LSTM (bayesian search),127.29740492216118,127.27864658980435,0.05172323810842272,0.05172323810842272,0.0026752933604205923,0.004967651775247649
2021-11-01,127.27070461902532,LSTM (bayesian search),127.36824577824925,127.3491281602696,-0.09754115922392259,0.09754115922392259,0.00951427774274662,0.006150251821292794
2021-11-02,127.11086847804653,LSTM (bayesian search),127.28383099045368,127.27070461902532,-0.1729625124071532,0.1729625124071532,0.02991603069819463,0.025547591962993853
2021-11-03,126.74969399004657,LSTM (bayesian search),127.1382524425553,127.11086847804653,-0.38855845250873244,0.38855845250873244,0.1509776710159809,0.13044701078203363
2021-11-04,126.7503302811134,LSTM (bayesian search),126.77081218018608,126.74969399004657,-0.020481899072677834,0.020481899072677834,0.0004195081896233611,4.0486632174044205e-07
2021-11-05,126.19934592058088,LSTM (bayesian search),126.7702948363918,126.7503302811134,-0.5709489158109164,0.5709489158109164,0.32598266446566093,0.30358376555143485
2021-11-08,126.137452121954,LSTM (bayesian search),126.18691835773312,126.19934592058088,-0.04946623577912135,0.04946623577912135,0.002446908482155625,0.003830842308465177
2021-11-09,125.78822912702186,LSTM (bayesian search),126.13093463391024,126.137452121954,-0.34270550688837886,0.34270550688837886,0.11744706445162069,0.1219567001893694
2021-11-10,125.71113450193528,LSTM (bayesian search),125.77684087360127,125.78822912702186,-0.06570637166599624,0.06570637166599624,0.004317327277510034,0.0059435812172415016
2021-11-11,125.67518417834792,LSTM (bayesian search),125.7070644998153,125.71113450193528,-0.03188032146738351,0.03188032146738351,0.0010163548968637138,0.0012924257660357132
2021-11-12,125.88354369957258,LSTM (bayesian search),125.67044932646236,125.67518417834792,0.2130943731102235,0.2130943731102235,0.04540921185123915,0.043413690084971604
2021-11-15,125.85738155911687,LSTM (bayesian search),125.89640833955517,125.88354369957258,-0.03902678043829155,0.03902678043829155,0.0015230895913786163,0.0006844575932243196
2021-11-16,125.67484826875976,LSTM (bayesian search),125.87681119064813,125.85738155911687,-0.2019629218883665,0.2019629218883665,0.040789021817686434,0.03331840208859439
2021-11-17,125.52073347609016,LSTM (bayesian search),125.69711205830924,125.67484826875976,-0.17637858221908687,0.17637858221908687,0.031109404265615186,0.02375136931959463
2021-11-18,125.72610774290123,LSTM (bayesian search),125.54609093855592,125.52073347609016,0.18001680434531409,0.18001680434531409,0.03240604984669909,0.04217858946818752
2021-11-19,125.84589069887384,LSTM (bayesian search),125.7674540432946,125.72610774290123,0.07843665557923885,0.07843665557923885,0.0061523089384561405,0.014347956541536283
2021-11-22,125.82960489561526,LSTM (bayesian search),125.91867647125706,125.84589069887384,-0.08907157564179613,0.08907157564179613,0.00793374558731221,0.0002652273877772755
2021-11-23,125.8148358320822,LSTM (bayesian search),125.91742184182374,125.82960489561526,-0.1025860097415432,0.1025860097415432,0.010523889394691994,0.00021812523764374507
2021-11-24,125.52540698375924,LSTM (bayesian search),125.91801364775792,125.8148358320822,-0.39260666399867716,0.39260666399867716,0.15413999261617017,0.08376905824155262
2021-11-25,125.53519649187795,LSTM (bayesian search),125.61780947920307,125.52540698375924,-0.08261298732512046,0.08261298732512046,0.006824905674780514,9.583446920638116e-05
2021-11-26,125.2148325439678,LSTM (bayesian search),125.63860023895973,125.53519649187795,-0.42376769499192335,0.42376769499192335,0.17957905931876778,0.10263305912057893
2021-11-29,125.33057417195646,LSTM (bayesian search),125.31249335372311,125.2148325439678,0.01808081823334362,0.01808081823334362,0.00032691598798721114,0.013396124449464144
2021-11-30,125.4090530915111,LSTM (bayesian search),125.43237836879102,125.33057417195646,-0.023325277279923284,0.023325277279923284,0.0005440685601853054,0.006158940814463802
2021-12-01,125.95194464200983,LSTM (bayesian search),125.5302381558269,125.4090530915111,0.4217064861829414,0.4217064861829414,0.17783636048876333,0.294731235602923
2021-12-02,125.88202903357862,LSTM (bayesian search),126.09420355433474,125.95194464200983,-0.21217452075612186,0.21217452075612186,0.04501802725808999,0.0048881923023071875
2021-12-03,125.89510317829291,LSTM (bayesian search),126.03382147041675,125.88202903357862,-0.13871829212384057,0.13871829212384057,0.01924276456975517,0.00017093326001033427
2021-12-06,126.3068097856902,LSTM (bayesian search),126.0504638620917,125.89510317829291,0.25634592359850217,0.25634592359850217,0.06571323254556911,0.16950233057458805
2021-12-07,126.67478398939792,LSTM (bayesian search),126.46862274679174,126.3068097856902,0.20616124260618562,0.20616124260618562,0.04250245795292653,0.13540501459432885
2021-12-08,126.6177759664013,LSTM (bayesian search),126.8492890890521,126.67478398939792,-0.23151312265081003,0.23151312265081003,0.05359832595952901,0.0032499146859839016
2021-12-09,126.70084776233368,LSTM (bayesian search),126.79229267406006,126.6177759664013,-0.09144491172638425,0.09144491172638425,0.008362171880646207,0.00690092327943156
2021-12-10,126.75835803678665,LSTM (bayesian search),126.86576867352656,126.70084776233368,-0.10741063673991391,0.10741063673991391,0.011537044884873743,0.0033074316676554574
2021-12-13,126.8557971141274,LSTM (bayesian search),126.90812427333027,126.75835803678665,-0.052327159202874896,0.052327159202874896,0.002738131590243015,0.009494373793017066
2021-12-14,126.82775490792328,LSTM (bayesian search),127.02601194595648,126.8557971141274,-0.19825703803320494,0.19825703803320494,0.03930585312969967,0.0007863653287943683
2021-12-15,126.90075742225898,LSTM (bayesian search),126.99823979349668,126.82775490792328,-0.09748237123770309,0.09748237123770309,0.009502812702125362,0.005329367099333831
2021-12-16,126.68804494625977,LSTM (bayesian search),127.0710997186209,126.90075742225898,-0.3830547723611346,0.3830547723611346,0.14673095862864066,0.04524659744571508
2021-12-17,126.74584942164267,LSTM (bayesian search),126.85181670970373,126.68804494625977,-0.10596728806105205,0.10596728806105205,0.011229066139013984,0.003341357374293333
2021-12-20,126.94563147646882,LSTM (bayesian search),126.91371057035772,126.74584942164267,0.03192090611109677,0.03192090611109677,0.001018944246953455,0.03991286943055657
2021-12-21,127.01441250085828,LSTM (bayesian search),127.11793139798142,126.94563147646882,-0.10351889712313778,0.10351889712313778,0.010716162061590782,0.004730829316064314
2021-12-22,126.7860162445034,LSTM (bayesian search),127.18881490170952,127.01441250085828,-0.4027986572061195,0.4027986572061195,0.16224675824705298,0.0521648499169259
2021-12-23,126.99557673162586,LSTM (bayesian search),126.94970667740957,126.7860162445034,0.04587005421629442,0.04587005421629442,0.0021040618738057894,0.043915597763002495
2021-12-24,127.20019964572856,LSTM (bayesian search),127.16647859639292,126.99557673162586,0.033721049335639464,0.033721049335639464,0.0011371091682966306,0.041870536975880876
2021-12-27,127.181315992443,LSTM (bayesian search),127.38743726608226,127.20019964572856,-0.2061212736392548,0.2061212736392548,0.042485979446668556,0.0003565923614090929
2021-12-28,127.18172813986878,LSTM (bayesian search),127.36430974718752,127.181315992443,-0.1825816073187383,0.1825816073187383,0.03333604333109395,1.698655005747896e-07
2021-12-29,126.96903978891582,LSTM (bayesian search),127.3672311607514,127.18172813986878,-0.39819137183557984,0.39819137183557984,0.158556368604301,0.04523633463108911
2021-12-30,126.81008414928738,LSTM (bayesian search),127.14543866224498,126.96903978891582,-0.33535451295760765,0.33535451295760765,0.11246264936103424,0.025266895369688094
2021-12-31,126.79865555148696,LSTM (bayesian search),126.98426696662727,126.81008414928738,-0.18561141514031476,0.18561141514031476,0.034451597430390266,0.00013061284768371015
2022-01-03,127.15346711243852,LSTM (bayesian search),126.97047575991724,126.79865555148696,0.1829913525212845,0.1829913525212845,0.03348583509756902,0.12589124378488295
2022-01-04,127.19167942915249,LSTM (bayesian search),127.33066433037982,127.15346711243852,-0.13898490122733165,0.13898490122733165,0.019316802769171134,0.0014601811486485022
2022-01-05,127.42849029600433,LSTM (bayesian search),127.36652358982847,127.19167942915249,0.06196670617585198,0.06196670617585198,0.003839872674284372,0.056079386659120024
2022-01-06,127.46628465053472,LSTM (bayesian search),127.60255363583376,127.42849029600433,-0.13626898529903997,0.13626898529903997,0.01856923635442997,0.0014284132343688645
2022-01-07,127.6174784318244,LSTM (bayesian search),127.63342143890296,127.46628465053472,-0.015943007078561777,0.015943007078561777,0.00025417947470707095,0.022859559500670843
2022-01-10,127.69661543110814,LSTM (bayesian search),127.78069178915376,127.6174784318244,-0.08407635804562119,0.08407635804562119,0.007068833982215491,0.006262664655635837
2022-01-11,127.98340966242664,LSTM (bayesian search),127.8622958097836,127.69661543110814,0.12111385264303465,0.12111385264303465,0.014668565302038711,0.08225093111756668
2022-01-12,128.0186389827304,LSTM (bayesian search),128.15558973389977,127.98340966242664,-0.1369507511693655,0.1369507511693655,0.018755508245853467,0.001241105009065646
2022-01-13,127.78613259044984,LSTM (bayesian search),128.18796251650383,128.0186389827304,-0.4018299260539919,0.4018299260539919,0.16146728947255662,0.054059222451326154
2022-01-14,127.5734571280227,LSTM (bayesian search),127.94459548739296,127.78613259044984,-0.3711383593702635,0.3711383593702635,0.13774368179605087,0.045230852318599
2022-01-17,127.53222092683582,LSTM (bayesian search),127.719994685267,127.5734571280227,-0.18777375843117738,0.18777375843117738,0.03525898435537016,0.0017004242883245583
2022-01-18,127.33796122595308,LSTM (bayesian search),127.67070930893688,127.53222092683582,-0.3327480829837981,0.3327480829837981,0.11072128672939259,0.03773683138705128
2022-01-19,127.47774349017384,LSTM (bayesian search),127.46892854496475,127.33796122595308,0.00881494520908177,0.00881494520908177,7.770325903911366e-05,0.019539081390681185
2022-01-20,127.5308457129629,LSTM (bayesian search),127.621005980804,127.47774349017384,-0.09016026784109954,0.09016026784109954,0.008128873897178809,0.0028198460651394424
2022-01-21,128.13512641545697,LSTM (bayesian search),127.67614131802634,127.5308457129629,0.4589850974306273,0.4589850974306273,0.21066731966340246,0.3651551674067216
2022-01-24,128.02551060399054,LSTM (bayesian search),128.3028645699875,128.13512641545697,-0.2773539659969515,0.2773539659969515,0.07692522245423813,0.012015626123443115
2022-01-25,128.1404787242117,LSTM (bayesian search),128.18579270919798,128.02551060399054,-0.045313984986279365,0.045313984986279365,0.002053357235336752,0.013217668667187989
2022-01-26,128.0150337946583,LSTM (bayesian search),128.29372463521386,128.1404787242117,-0.27869084055555504,0.27869084055555504,0.0776685846095618,0.015736430350656465
2022-01-27,127.96214683405262,LSTM (bayesian search),128.15835039140475,128.0150337946583,-0.1962035573521348,0.1962035573521348,0.03849583591763245,0.0027970306021078157
2022-01-28,128.0776443521668,LSTM (bayesian search),128.09458960644108,127.96214683405262,-0.016945254274276067,0.016945254274276067,0.0002871416424198713,0.013339676690535842
2022-01-31,127.7323389587273,LSTM (bayesian search),128.22026300832525,128.0776443521668,-0.4879240495979502,0.4879240495979502,0.23806987817606298,0.11923581473840993
2022-02-01,127.82350372564602,LSTM (bayesian search),127.86763044570584,127.7323389587273,-0.04412672005982188,0.04412672005982188,0.0019471674232378864,0.00831101472734513
2022-02-02,128.32931076959616,LSTM (bayesian search),127.95867083263208,127.82350372564602,0.37063993696408204,0.37063993696408204,0.1373739628727387,0.255840765709581
2022-02-03,128.41986441982064,LSTM (bayesian search),128.48191877678877,128.32931076959616,-0.062054356968133106,0.062054356968133106,0.00385074321872849,0.00819996356897721
2022-02-04,128.5453649489203,LSTM (bayesian search),128.56857253980908,128.41986441982064,-0.023207590888773666,0.023207590888773666,0.0005385922748606905,0.015750382804296564
2022-02-07,128.84682806674437,LSTM (bayesian search),128.69272983353525,128.5453649489203,0.15409823320911187,0.15409823320911187,0.02374626547816983,0.09088001140820087
2022-02-08,128.95374889769974,LSTM (bayesian search),128.99966625217394,128.84682806674437,-0.045917354474198646,0.045917354474198646,0.0021084034419092106,0.011432064092187751
2022-02-09,128.92715680451482,LSTM (bayesian search),129.1077453503889,128.95374889769974,-0.18058854587408746,0.18058854587408746,0.03261222290091739,0.000707139419955289
2022-02-10,128.52444839714644,LSTM (bayesian search),129.06635655315011,128.92715680451482,-0.5419081560036716,0.5419081560036716,0.2936644495432997,0.16217406136517673
2022-02-11,128.64341513952715,LSTM (bayesian search),128.64135203747628,128.52444839714644,0.0020631020508687925,0.0020631020508687925,4.256390072299018e-06,0.014153085792677409
2022-02-14,128.6975706392,LSTM (bayesian search),128.76789052924616,128.64341513952715,-0.07031989004616435,0.07031989004616435,0.004944886936104643,0.0029328181448155205
2022-02-15,128.5530915501023,LSTM (bayesian search),128.81866084272363,128.6975706392,-0.2655692926213362,0.2655692926213362,0.0705270491833969,0.020874207186501237
2022-02-16,128.61214116546702,LSTM (bayesian search),128.66804713927752,128.5530915501023,-0.055905973810496334,0.055905973810496334,0.003125477907699902,0.0034868570747223176
2022-02-17,128.55208343418815,LSTM (bayesian search),128.73211697074962,128.61214116546702,-0.18003353656146714,0.18003353656146714,0.03241207428682913,0.003606931086365485
2022-02-18,128.48859641092554,LSTM (bayesian search),128.6653619721768,128.55208343418815,-0.17676556125127263,0.17676556125127263,0.031246063644477417,0.004030602122747172
2022-02-21,128.6482827463012,LSTM (bayesian search),128.59722415494457,128.48859641092554,0.05105859135662172,0.05105859135662172,0.002606979751322486,0.025499725705705606
2022-02-22,128.43167088450696,LSTM (bayesian search),128.75978824727346,128.6482827463012,-0.3281173627665055,0.3281173627665055,0.10766100374884656,0.04692069866996456
2022-02-23,128.62628442518044,LSTM (bayesian search),128.52414138885047,128.43167088450696,0.10214303632997712,0.10214303632997712,0.010433199870707026,0.0378744302134709
2022-02-24,128.44863873042834,LSTM (bayesian search),128.73518039010096,128.62628442518044,-0.286541659672622,0.286541659672622,0.08210612272794074,0.031557992863956726
2022-02-25,128.28759723365283,LSTM (bayesian search),128.53790484436524,128.44863873042834,-0.2503076107124116,0.2503076107124116,0.06265389998055619,0.025934363683696757
2022-02-28,128.62391827775704,LSTM (bayesian search),128.35894607216096,128.28759723365283,0.2649722055960808,0.2649722055960808,0.07021026973845172,0.11311184470734592
2022-03-01,128.90164780240707,LSTM (bayesian search),128.71326450033652,128.62391827775704,0.1883833020705481,0.1883833020705481,0.03548826849900337,0.07713368886233013
2022-03-02,128.9954474539081,LSTM (bayesian search),129.01049213480405,128.90164780240707,-0.015044680895954343,0.015044680895954343,0.00022634242326109358,0.008798374621714634
2022-03-03,128.8407584112254,LSTM (bayesian search),129.09624728267588,128.9954474539081,-0.25548887145046706,0.25548887145046706,0.06527456343503328,0.023928699926087264
2022-03-04,128.71151625495364,LSTM (bayesian search),128.91687519663247,128.8407584112254,-0.2053589416788384,0.2053589416788384,0.042172294927452544,0.016703534957777145
2022-03-07,128.73035543100548,LSTM (bayesian search),128.7810650927942,128.71151625495364,-0.05070966178871572,0.05070966178871572,0.0025714697987259355,0.00035491455431227366
2022-03-08,128.68975640990834,LSTM (bayesian search),128.79301582710457,128.73035543100548,-0.10325941719622733,0.10325941719622733,0.010662507239704529,0.0016482805140457554
2022-03-09,128.6687999695544,LSTM (bayesian search),128.75733976968627,128.68975640990834,-0.08853980013185492,0.08853980013185492,0.007839296207388815,0.0004391723923077218
2022-03-10,128.6829279818966,LSTM (bayesian search),128.73061917647766,128.6687999695544,-0.047691194581062746,0.047691194581062746,0.0022744500405687887,0.0001996007327408932
2022-03-11,128.60942985804718,LSTM (bayesian search),128.7316659064426,128.6829279818966,-0.1222360483954219,0.1222360483954219,0.014941651527327926,0.005401974209384469
2022-03-14,128.28371404743885,LSTM (bayesian search),128.6485009858195,128.60942985804718,-0.3647869383806608,0.3647869383806608,0.133069510413136,0.10609078928024121
2022-03-15,128.08108145076554,LSTM (bayesian search),128.31092063597535,128.28371404743885,-0.22983918520981206,0.22983918520981206,0.05282605105791029,0.04105996923456878
2022-03-16,128.18239144027385,LSTM (bayesian search),128.101665456628,128.08108145076554,0.08072598364583428,0.08072598364583428,0.006516684435587503,0.010263713974173623
2022-03-17,127.8952282986222,LSTM (bayesian search),128.2081981597111,128.18239144027385,-0.312969861088888,0.312969861088888,0.09795013394999787,0.08246266992324358
2022-03-18,127.79721684754873,LSTM (bayesian search),127.91989452602252,127.8952282986222,-0.12267767847379218,0.12267767847379218,0.015049812795719134,0.0096062445415282
2022-03-21,127.615263881894,LSTM (bayesian search),127.82019213774286,127.79721684754873,-0.20492825584886987,0.20492825584886987,0.041995590045259865,0.03310688171055146
2022-03-22,127.55540778121126,LSTM (bayesian search),127.62593057452348,127.615263881894,-0.07052279331222167,0.07052279331222167,0.004973464376558337,0.0035827527889419155
2022-03-23,127.460992862193,LSTM (bayesian search),127.57083086023252,127.55540778121126,-0.10983799803952365,0.10983799803952365,0.012064385813330402,0.008914176933225127
2022-03-24,127.69175474247022,LSTM (bayesian search),127.47573747923794,127.460992862193,0.21601726323228831,0.21601726323228831,0.04666345801436774,0.053251045389081805
2022-03-25,127.82410583623292,LSTM (bayesian search),127.7238617380528,127.69175474247022,0.10024409818011293,0.10024409818011293,0.01004887921994412,0.017516812020181283
2022-03-28,127.53259850578156,LSTM (bayesian search),127.86278388627412,127.82410583623292,-0.3301853804925514,0.3301853804925514,0.10902238549101095,0.08497652370687413
2022-03-29,127.55394695019832,LSTM (bayesian search),127.55554526211466,127.53259850578156,-0.0015983119163394122,0.0015983119163394122,2.554600981912564e-06,0.0004557560790154525
2022-03-30,127.35001232409996,LSTM (bayesian search),127.58297204105666,127.55394695019832,-0.23295971695669948,0.23295971695669948,0.05427022972454554,0.04158933172187758
2022-03-31,127.1935583445198,LSTM (bayesian search),127.38452378222864,127.35001232409996,-0.1909654377088401,0.1909654377088401,0.03646779839932889,0.02447784772647025
2022-04-01,127.17506161568429,LSTM (bayesian search),127.22154398252734,127.1935583445198,-0.04648236684305118,0.04648236684305118,0.002160610427331984,0.0003421289776145847
2022-04-04,126.98883774688474,LSTM (bayesian search),127.20031822522844,127.17506161568429,-0.21148047834370232,0.21148047834370232,0.044723992720481144,0.0346793293106699
2022-04-05,127.07660160709382,LSTM (bayesian search),127.00964211670689,126.98883774688474,0.06695949038693527,0.06695949038693527,0.004483573352878077,0.007702495158798897
2022-04-06,126.85628710911791,LSTM (bayesian search),127.10169236671388,127.07660160709382,-0.2454052575959622,0.2454052575959622,0.06022374045574057,0.04853847801837547
2022-04-07,126.60025662235692,LSTM (bayesian search),126.87181667556236,126.85628710911791,-0.27156005320543386,0.27156005320543386,0.07374486249693807,0.06555161015107024
2022-04-08,126.35504649687174,LSTM (bayesian search),126.61503796051964,126.60025662235692,-0.25999146364790704,0.25999146364790704,0.06759556116978097,0.06012800564046107
2022-04-11,126.11021838793394,LSTM (bayesian search),126.3642351572922,126.35504649687174,-0.2540167693582589,0.2540167693582589,0.0645245191152069,0.05994080292605717
2022-04-12,126.20114894281356,LSTM (bayesian search),126.11088493229916,126.11021838793394,0.09026401051440303,0.09026401051440303,0.00814759159414426,0.008268365810715541
2022-04-13,126.25777519713392,LSTM (bayesian search),126.21327735739976,126.20114894281356,0.04449783973416288,0.04449783973416288,0.001980057741007245,0.003206532678354486
2022-04-14,126.52828897371846,LSTM (bayesian search),126.27148204702188,126.25777519713392,0.25680692669658356,0.25680692669658356,0.06594979759934444,0.07317770332202851
2022-04-15,126.95311026723834,LSTM (bayesian search),126.56145580321508,126.52828897371846,0.39165446402326154,0.39165446402326154,0.15339321918934826,0.1804731314279071
2022-04-18,126.70026296817812,LSTM (bayesian search),127.0060902208254,126.95311026723834,-0.3058272526472763,0.3058272526472763,0.09353030846178095,0.06393175664204888
2022-04-19,126.58272209368646,LSTM (bayesian search),126.73532186144143,126.70026296817812,-0.1525997677549782,0.1525997677549782,0.023286689118873282,0.013815857176265723
2022-04-20,126.20865273483324,LSTM (bayesian search),126.6121455540508,126.58272209368646,-0.4034928192175613,0.4034928192175613,0.16280645516013562,0.13992788523285876
2022-04-21,125.85266301221114,LSTM (bayesian search),126.23007850729157,126.20865273483324,-0.3774154950804274,0.3774154950804274,0.1424424559268041,0.12672868261255846
2022-04-22,125.55651175412184,LSTM (bayesian search),125.87160558811289,125.85266301221114,-0.3150938339910425,0.3150938339910425,0.09928412421917467,0.08770556766787267
2022-04-25,125.18897136963426,LSTM (bayesian search),125.57317966404206,125.55651175412184,-0.3842082944077987,0.3842082944077987,0.14761601349174971,0.1350859342292804
2022-04-26,124.79203782952128,LSTM (bayesian search),125.19157170701294,125.18897136963426,-0.39953387749166325,0.39953387749166325,0.1596273192635234,0.1575562352666247
2022-04-27,124.60079004928708,LSTM (bayesian search),124.7807828967899,124.79203782952128,-0.17999284750281674,0.17999284750281674,0.03239742515217224,0.036575713444506004
2022-04-28,124.19245445901691,LSTM (bayesian search),124.57076647818326,124.60079004928708,-0.37831201916634427,0.37831201916634427,0.14311998384571645,0.16673795428128796
2022-04-29,124.17107440744688,LSTM (bayesian search),124.12662100220264,124.19245445901691,0.044453405244240685,0.044453405244240685,0.001976105237808685,0.00045710660513732175
2022-05-02,123.87162373847424,LSTM (bayesian search),124.09114448194552,124.17107440744688,-0.21952074347127848,0.21952074347127848,0.048189356814182856,0.08967070314816118
2022-05-03,124.2730356250622,LSTM (bayesian search),123.76659840977848,123.87162373847424,0.5064372152837251,0.5064372152837251,0.25647865302433415,0.16113150269410945
2022-05-04,124.16935784046528,LSTM (bayesian search),124.2169057038345,124.2730356250622,-0.04754786336921768,0.04754786336921768,0.0022607993109777925,0.010749083018926471
2022-05-05,124.04419916876418,LSTM (bayesian search),124.108501926558,124.16935784046528,-0.06430275779382555,0.06430275779382555,0.004134844659891393,0.015664693101983942
2022-05-06,123.67667911534012,LSTM (bayesian search),123.99445812039836,124.04419916876418,-0.31777900505824164,0.31777900505824164,0.10098349605580596,0.13507098966882303
2022-05-09,123.8486807669864,LSTM (bayesian search),123.61392055039109,123.67667911534012,0.2347602165953191,0.2347602165953191,0.05511235929588113,0.029584568169049443
2022-05-10,123.97327090191752,LSTM (bayesian search),123.81908873351075,123.8486807669864,0.1541821684067628,0.1541821684067628,0.023772141054611364,0.015522701722152484
2022-05-11,123.92379661725433,LSTM (bayesian search),123.96165555852564,123.97327090191752,-0.03785894127130973,0.03785894127130973,0.0014332994341844792,0.0024477048429344377
2022-05-12,123.55112317592172,LSTM (bayesian search),123.91868557437851,123.92379661725433,-0.3675623984567977,0.3675623984567977,0.13510211675931375,0.13888549387468918
2022-05-13,123.4227245292654,LSTM (bayesian search),123.53736148976056,123.55112317592172,-0.11463696049516159,0.11463696049516159,0.013141632711569238,0.016486212463175044
2022-05-16,123.08086486864782,LSTM (bayesian search),123.42273619183328,123.4227245292654,-0.3418713231854582,0.3418713231854582,0.11687600161657602,0.11686802755756188
2022-05-17,123.21648761222,LSTM (bayesian search),123.0821722747613,123.08086486864782,0.13431533745870183,0.13431533745870183,0.01804060987664495,0.018393528574046605
2022-05-18,123.32410677929688,LSTM (bayesian search),123.23492441477114,123.21648761222,0.08918236452574035,0.08918236452574035,0.007953494142402031,0.011581885122320652
2022-05-19,123.30002612404554,LSTM (bayesian search),123.36614821140932,123.32410677929688,-0.06612208736378022,0.06612208736378022,0.004372130437343385,0.0005798779573338438
2022-05-20,122.70442290651002,LSTM (bayesian search),123.3443355538699,123.30002612404554,-0.6399126473598784,0.6399126473598784,0.4094881962511281,0.3547431927386713
2022-05-23,122.28638632014466,LSTM (bayesian search),122.722476127095,122.70442290651002,-0.43608980695034916,0.43608980695034916,0.1901743197259928,0.17475458754000356
2022-05-24,122.24230475147486,LSTM (bayesian search),122.28324231250284,122.28638632014466,-0.04093756102797386,0.04093756102797386,0.0016758839029190839,0.0019431846963899365
2022-05-25,122.40844902667436,LSTM (bayesian search),122.24814826186046,122.24230475147486,0.160300764813897,0.160300764813897,0.025696335199920314,0.027603920181567092
2022-05-26,122.61790922917878,LSTM (bayesian search),122.43310729871722,122.40844902667436,0.18480193046156046,0.18480193046156046,0.03415175350231943,0.04387357643319128
2022-05-27,122.26528561924624,LSTM (bayesian search),122.65133263431942,122.61790922917878,-0.3860470150731743,0.3860470150731743,0.14903229784690766,0.12434341028185326
2022-05-30,122.14068354840342,LSTM (bayesian search),122.26873353327665,122.26528561924624,-0.12804998487322905,0.12804998487322905,0.016396798626034187,0.015525676058320666
2022-05-31,122.22367666403552,LSTM (bayesian search),122.1469530909038,122.14068354840342,0.07672357313171574,0.07672357313171574,0.005886506674097733,0.006887857242324226
2022-06-01,121.8341880182428,LSTM (bayesian search),122.24973993303972,122.22367666403552,-0.41555191479692155,0.41555191479692155,0.17268339389138795,0.1517014052014502
2022-06-02,121.68924588407629,LSTM (bayesian search),121.8475732805831,121.8341880182428,-0.15832739650682015,0.15832739650682015,0.025067564484627845,0.021008222256743432
2022-06-03,121.656094010026,LSTM (bayesian search),121.70586394961232,121.68924588407629,-0.04976993958632647,0.04976993958632647,0.0024770468864265868,0.0010990467530462966
2022-06-06,121.542951075685,LSTM (bayesian search),121.6828210102774,121.656094010026,-0.13986993459239727,0.13986993459239727,0.01956359860288149,0.012801323591291632
2022-06-07,121.10023862868675,LSTM (bayesian search),121.571421953243,121.542951075685,-0.4711833245562502,0.4711833245562502,0.22201372533988065,0.1959943107271722
2022-06-08,120.92791681470966,LSTM (bayesian search),121.1171927899135,121.10023862868675,-0.18927597520384154,0.18927597520384154,0.035825394789365236,0.02969480757235554
2022-06-09,120.77870337868116,LSTM (bayesian search),120.93800059533363,120.92791681470966,-0.15929721665247598,0.15929721665247598,0.025375603233225873,0.022264649491432326
2022-06-10,120.67015315162882,LSTM (bayesian search),120.78366458060228,120.77870337868116,-0.11351142897345312,0.11351142897345312,0.012884844507595293,0.01178315179311316
2022-06-13,120.51745585488771,LSTM (bayesian search),120.68518439902856,120.67015315162882,-0.16772854414084293,0.16772854414084293,0.028132864519606695,0.023316464432042532
